"Proposed page title","URL","Primary target keyword","Secondary keyword themes","Search intent","Funnel stage","Parent topic/pillar","Pages it should link to","Pages that should link to it","Primary IRN service/conversion goal","Priority","Current status","Cannibalisation risk","Notes","Phase","Page type","Cluster","Publication status","Last updated","Internal links completed","Schema completed","Search Console impressions","Search Console clicks","Average position","CTR","Notes/actions","Live title","Live meta description","Live canonical","Live robots","Live H1","Live schema types","Hero image status","Supporting image status","Image brief status","ALT text status","OG image status"
"Find the right rehab, detox or recovery support without guessing.","/","private rehab placement UK","addiction treatment guidance; rehab placement; online recovery","Commercial investigation","Decision","Treatment navigation","Relevant authority pillar; relevant treatment/cost/decision page; suitable assessment or enquiry route","Current navigation/cluster links; add reciprocal links as new cluster pages publish","Qualified treatment enquiry","P3","Existing","Low","No blocking metadata or status issue in the 28 August 2026 live crawl.","Existing inventory","Homepage","Treatment navigation","Live","","Partial / present","Yes / present","","","","","Monitor and refresh according to content risk and performance.","Private Rehab Placement UK | Insight Recovery Network","Confidential help comparing private rehab, detox, family intervention and structured online addiction support in the UK and selected destinations.","https://www.insightrecoverynetwork.com/","index, follow","Find the right rehab, detox or recovery support without guessing.","ProfessionalService, PostalAddress, ContactPoint, WebSite, Country, Person","","","","",""
"Craig Bilton, Founder of Insight Recovery Network","/about","about craig bilton","trust; credentials; governance","Navigational","Trust","Trust","Relevant authority pillar; relevant treatment/cost/decision page; suitable assessment or enquiry route","Current navigation/cluster links; add reciprocal links as new cluster pages publish","Trust and assisted conversion","P3","Existing","Low","No BreadcrumbList found in live raw HTML.","Existing inventory","About / E-E-A-T","Trust","Live","","Partial / present","Partial - breadcrumb missing live","","","","","No BreadcrumbList found in live raw HTML.","About Craig Bilton | Founder, Insight Recovery Network","Meet Craig Bilton, Founder and Clinical Director of Insight Recovery Network, and learn how his 20+ years in addiction treatment shaped IRN","https://www.insightrecoverynetwork.com/about","index, follow","Craig Bilton, Founder of Insight Recovery Network","ProfessionalService, PostalAddress, ContactPoint, WebSite, Country, Person","","","","",""
"Addiction Recovery Services for Individuals and Families","/what-we-offer","addiction recovery services for individuals and families","private addiction support; assessment; next steps","Transactional","Decision","Family support","Relevant authority pillar; relevant treatment/cost/decision page; suitable assessment or enquiry route","Current navigation/cluster links; add reciprocal links as new cluster pages publish","Qualified enquiry","P3","Existing","Low","No BreadcrumbList found in live raw HTML.","Existing inventory","Service / treatment","Family support","Live","","Partial / present","Partial - breadcrumb missing live","","","","","No BreadcrumbList found in live raw HTML.","Addiction Recovery Services | Placement, Online & Family Support","Compare assessment-led rehab placement, structured online recovery, family guidance and Insight OS tools from Insight Recovery Network.","https://www.insightrecoverynetwork.com/what-we-offer","index, follow","Addiction Recovery Services for Individuals and Families","ProfessionalService, PostalAddress, ContactPoint, WebSite, Country, Person","","","","",""
"Find a Suitable Private Rehab or Detox Provider Without a Rushed Decision","/treatment-placement","addiction treatment UK","private addiction treatment UK; rehab placement; detox placement","Transactional","Decision","Treatment navigation","Relevant authority pillar; relevant treatment/cost/decision page; suitable assessment or enquiry route","Current navigation/cluster links; add reciprocal links as new cluster pages publish","Treatment placement enquiry","P1","Improve","Medium","No BreadcrumbList found in live raw HTML.","Existing inventory","Service / treatment","Assessment","Live","","Partial / present","Partial - breadcrumb missing live","","","","","No BreadcrumbList found in live raw HTML.","Help Choosing a Rehab | Assessment-Led Placement","Assessment-led help choosing a private rehab or detox provider. Compare suitable UK and international options, provider relationships and admission planning.","https://www.insightrecoverynetwork.com/treatment-placement","index, follow","Find a Suitable Private Rehab or Detox Provider Without a Rushed Decision","ProfessionalService, PostalAddress, ContactPoint, WebSite, Country, Person","","","","",""
"Structured Online Addiction Recovery Programme","/online-programme","online addiction recovery programme","online addiction treatment cost; structured online recovery","Transactional","Decision","Online recovery","Relevant authority pillar; relevant treatment/cost/decision page; suitable assessment or enquiry route","Current navigation/cluster links; add reciprocal links as new cluster pages publish","Online programme enquiry","P1","Improve","Medium","No BreadcrumbList found in live raw HTML. Meta description is 218 characters; shorten without losing decision value.","Existing inventory","Service / treatment","Online recovery","Live","","Partial / present","Partial - breadcrumb missing live","","","","","No BreadcrumbList found in live raw HTML. Meta description is 218 characters; shorten without losing decision value.","Online Addiction Recovery Programme | Insight Recovery Network","A structured online addiction recovery programme with group therapy, one-to-one support, daily accountability, and relapse prevention planning, available without residential care. Delivered by Insight Recovery Network.","https://www.insightrecoverynetwork.com/online-programme","index, follow","Structured Online Addiction Recovery Programme","ProfessionalService, PostalAddress, ContactPoint, WebSite, Country, Person","","","","",""
"Digital Recovery Tools for Addiction and Mental Health","/insight-os","digital recovery tools for addiction and mental health","private addiction support; assessment; next steps","Transactional","Decision","Online recovery","Relevant authority pillar; relevant treatment/cost/decision page; suitable assessment or enquiry route","Current navigation/cluster links; add reciprocal links as new cluster pages publish","Qualified enquiry","P3","Existing","Low","No BreadcrumbList found in live raw HTML. Title is 77 characters; review SERP truncation and keyword focus.","Existing inventory","Service / treatment","Online recovery","Live","","Partial / present","Partial - breadcrumb missing live","","","","","No BreadcrumbList found in live raw HTML. Title is 77 characters; review SERP truncation and keyword focus.","Insight OS: The Operating System for Your Recovery | Insight Recovery Network","Insight OS is a structured digital recovery platform with daily check-ins, mood tracking, guided journaling, relapse prevention tools, and Anchor recovery guidance.","https://www.insightrecoverynetwork.com/insight-os","index, follow","Digital Recovery Tools for Addiction and Mental Health","ProfessionalService, PostalAddress, ContactPoint, WebSite, Country, Person","","","","",""
"Tell us what is happening. We will help you identify the next step.","/contact","tell us what is happening. we will help you identify the next step.","private addiction support; assessment; next steps","Transactional","Decision","General recovery","Relevant authority pillar; relevant treatment/cost/decision page; suitable assessment or enquiry route","Current navigation/cluster links; add reciprocal links as new cluster pages publish","Qualified enquiry","P3","Existing","Low","No BreadcrumbList found in live raw HTML. Meta description is 229 characters; shorten without losing decision value.","Existing inventory","Contact","General recovery","Live","","Partial / present","Partial - breadcrumb missing live","","","","","No BreadcrumbList found in live raw HTML. Meta description is 229 characters; shorten without losing decision value.","Contact Us | Book a confidential call | Insight Recovery Network","Contact Insight Recovery Network confidentially. Based in Newquay, Cornwall, we provide private guidance on addiction treatment, rehab placement, online recovery programmes, and mental health support for individuals and families.","https://www.insightrecoverynetwork.com/contact","index, follow","Tell us what is happening. We will help you identify the next step.","ProfessionalService, PostalAddress, ContactPoint, WebSite, Country, Person","","","","",""
"You do not have to wait for them to ask for help.","/family-addiction-intervention-uk","family addiction help UK","addiction intervention UK; loved one refuses treatment","Transactional","Decision","Family support","Relevant authority pillar; relevant treatment/cost/decision page; suitable assessment or enquiry route","Current navigation/cluster links; add reciprocal links as new cluster pages publish","Family support enquiry","P1","Improve","Medium","No BreadcrumbList found in live raw HTML. Title is 66 characters; review SERP truncation and keyword focus. Meta description is 190 characters; shorten without losing decision value. Raw HTML is light at about 254 words; assess usefulness rather than adding filler.","Existing inventory","Service / treatment","Family support","Live","","Partial / present","Partial - breadcrumb missing live","","","","","No BreadcrumbList found in live raw HTML. Title is 66 characters; review SERP truncation and keyword focus. Meta description is 190 characters; shorten without losing decision value. Raw HTML is light at about 254 words; assess usefulness rather than adding filler.","Family Addiction Help & Intervention UK | Insight Recovery Network","Confidential family addiction consultations and intervention guidance in the UK. Get a clear plan when someone you love is drinking, using drugs, refusing help or may need private treatment.","https://www.insightrecoverynetwork.com/family-addiction-intervention-uk","index, follow","You do not have to wait for them to ask for help.","ProfessionalService, PostalAddress, ContactPoint, WebSite, Country, Person","","","","",""
"Get help before the problem decides for you.","/confidential-addiction-help-professionals","get help before the problem decides for you.","private addiction support; assessment; next steps","Transactional","Decision","General recovery","Relevant authority pillar; relevant treatment/cost/decision page; suitable assessment or enquiry route","Resource hub or parent hub plus at least two contextual cluster pages","Qualified enquiry","P3","Existing","Low","No incoming link found in production raw HTML crawl; current remote source needs a complete prerendered resource directory or explicit contextual link. No BreadcrumbList found in live raw HTML. Title is 75 characters; review SERP truncation and keyword focus. Meta description is 175 characters; shorten without losing decision value. Raw HTML is light at about 194 words; assess usefulness rather than adding filler.","Existing inventory","Service / treatment","General recovery","Live","","No - raw HTML orphan","Partial - breadcrumb missing live","","","","","No incoming link found in production raw HTML crawl; current remote source needs a complete prerendered resource directory or explicit contextual link. No BreadcrumbList found in live raw HTML. Title is 75 characters; review SERP truncation and keyword focus. Meta description is 175 characters; shorten without losing decision value. Raw HTML is light at about 194 words; assess usefulness rather than adding filler.","Confidential Addiction Help for Professionals UK | Insight Recovery Network","Discreet addiction treatment guidance for executives, professionals and business owners. Compare structured online support, private detox and residential rehab confidentially.","https://www.insightrecoverynetwork.com/confidential-addiction-help-professionals","index, follow","Get help before the problem decides for you.","ProfessionalService, PostalAddress, ContactPoint, WebSite, Country, Person","","","","",""
"A good plan can still be the wrong fit.","/recovery-plan-checklist","a good plan can still be the wrong fit.","addiction recovery; support; next steps","Navigational","Consideration","General recovery","Relevant authority pillar; relevant treatment/cost/decision page; suitable assessment or enquiry route","Resource hub or parent hub plus at least two contextual cluster pages","Assisted conversion","P3","Existing","Low","No incoming link found in production raw HTML crawl; current remote source needs a complete prerendered resource directory or explicit contextual link. No BreadcrumbList found in live raw HTML. Raw HTML is light at about 180 words; assess usefulness rather than adding filler.","Existing inventory","Lead magnet / tool","General recovery","Live","","No - raw HTML orphan","Partial - breadcrumb missing live","","","","","No incoming link found in production raw HTML crawl; current remote source needs a complete prerendered resource directory or explicit contextual link. No BreadcrumbList found in live raw HTML. Raw HTML is light at about 180 words; assess usefulness rather than adding filler.","Recovery Plan Checklist | Insight Recovery Network","A practical one-page checklist to help you assess whether a recovery plan, treatment programme, or aftercare structure is the right fit.","https://www.insightrecoverynetwork.com/recovery-plan-checklist","index, follow","A good plan can still be the wrong fit.","ProfessionalService, PostalAddress, ContactPoint, WebSite, Country, Person","","","","",""
"How Insight Recovery Network supports recovery decisions.","/about-insight-recovery-network","about insight recovery network","trust; credentials; governance","Navigational","Trust","Trust","Relevant authority pillar; relevant treatment/cost/decision page; suitable assessment or enquiry route","Resource hub or parent hub plus at least two contextual cluster pages","Trust and assisted conversion","P3","Existing","Low","No incoming link found in production raw HTML crawl; current remote source needs a complete prerendered resource directory or explicit contextual link. No BreadcrumbList found in live raw HTML.","Existing inventory","About / E-E-A-T","Trust","Live","","No - raw HTML orphan","Partial - breadcrumb missing live","","","","","No incoming link found in production raw HTML crawl; current remote source needs a complete prerendered resource directory or explicit contextual link. No BreadcrumbList found in live raw HTML.","About Insight Recovery Network | Addiction Support Model","Learn how IRN provides assessment-led treatment placement, online recovery and family guidance, including its scope, provider relationships and clinical boundaries.","https://www.insightrecoverynetwork.com/about-insight-recovery-network","index, follow","How Insight Recovery Network supports recovery decisions.","ProfessionalService, PostalAddress, ContactPoint, WebSite, Country, Person","","","","",""
"Structured online addiction recovery support, built around your life.","/online-addiction-recovery-programme-uk","online addiction recovery programme UK","online rehab; online addiction support; residential alternative","Commercial investigation","Consideration","Online recovery","Relevant authority pillar; relevant treatment/cost/decision page; suitable assessment or enquiry route","Current navigation/cluster links; add reciprocal links as new cluster pages publish","Online programme enquiry","P1","Improve","Medium","No BreadcrumbList found in live raw HTML. Meta description is 227 characters; shorten without losing decision value.","Existing inventory","Other landing page","Online recovery","Live","","Partial / present","Partial - breadcrumb missing live","","","","","No BreadcrumbList found in live raw HTML. Meta description is 227 characters; shorten without losing decision value.","Online Addiction Recovery Programme UK | Insight Recovery Network","Structured online addiction recovery support for individuals in the UK. Group sessions, one-to-one therapy, relapse prevention planning, and Insight OS digital recovery tools. Professional support without residential treatment.","https://www.insightrecoverynetwork.com/online-addiction-recovery-programme-uk","index, follow","Structured online addiction recovery support, built around your life.","ProfessionalService, PostalAddress, ContactPoint, WebSite, Country, Person","","","","",""
"Alternatives to Private Rehab in the UK","/private-rehab-alternative-uk","alternatives to private rehab in the uk","private addiction support; assessment; next steps","Transactional","Decision","Online recovery","Relevant authority pillar; relevant treatment/cost/decision page; suitable assessment or enquiry route","Current navigation/cluster links; add reciprocal links as new cluster pages publish","Qualified enquiry","P3","Existing","Low","No BreadcrumbList found in live raw HTML.","Existing inventory","Commercial landing page","Online recovery","Live","","Partial / present","Partial - breadcrumb missing live","","","","","No BreadcrumbList found in live raw HTML.","Alternatives to Private Rehab UK | Online, NHS & Overseas Options","Compare private rehab alternatives in the UK, including structured online recovery, outpatient, NHS and family support, plus when residential care is safer.","https://www.insightrecoverynetwork.com/private-rehab-alternative-uk","index, follow","Alternatives to Private Rehab in the UK","ProfessionalService, PostalAddress, ContactPoint, WebSite, Country, Person","","","","",""
"Private Rehab UK: Assessment-Led Guidance Before You Choose","/private-rehab-uk","private rehab UK","residential rehab UK; private addiction treatment; detox","Commercial investigation","Decision","Residential rehab","Relevant authority pillar; relevant treatment/cost/decision page; suitable assessment or enquiry route","Current navigation/cluster links; add reciprocal links as new cluster pages publish","Treatment placement enquiry","P1","Improve","Medium","No BreadcrumbList found in live raw HTML. Title is 95 characters; review SERP truncation and keyword focus. Meta description is 221 characters; shorten without losing decision value.","Existing inventory","Commercial landing page","Assessment","Live","","Partial / present","Partial - breadcrumb missing live","","","","","No BreadcrumbList found in live raw HTML. Title is 95 characters; review SERP truncation and keyword focus. Meta description is 221 characters; shorten without losing decision value.","Private Rehab UK | Assessment-Led Guidance Before Choosing Treatment | Insight Recovery Network","Considering private rehab in the UK? Insight Recovery Network helps individuals and families compare UK rehab, overseas treatment, detox needs, online recovery support and aftercare before committing to a treatment route.","https://www.insightrecoverynetwork.com/private-rehab-uk","index, follow","Private Rehab UK: Assessment-Led Guidance Before You Choose","ProfessionalService, PostalAddress, ContactPoint, WebSite, Country, Person","","","","",""
"How Much Does Rehab Cost in the UK?","/how-much-does-rehab-cost-uk","rehab cost UK","private rehab cost UK; 28-day rehab cost; detox fees","Commercial investigation","Decision","Cost","/private-rehab-uk; /online-programme; /resources/detox-vs-rehab; destination pages; /treatment-placement","Treatment pages; detox comparison; destination pages; treatment hub","Treatment placement enquiry","P1","Improve","Medium","Batch 2 adds visible breadcrumb, price-methodology caveats, reviewed clinical sources, detox decision links and complete page schema. Displayed ranges are illustrative, not live quotes or a statistical market average.","Existing inventory","Commercial landing page","Cost","Branch-ready","2026-08-28","Yes","Yes","","","","","Deploy, then monitor broad cost queries and qualified treatment enquiries without creating a competing cost route.","Rehab Costs UK: Private Rehab Prices Explained","Compare UK private rehab costs, typical 28-day prices, detox fees, what affects the final price and lower-cost or overseas treatment alternatives.","https://www.insightrecoverynetwork.com/how-much-does-rehab-cost-uk","index, follow","How Much Does Rehab Cost in the UK?","ProfessionalService, WebSite, Organization, Person, WebPage, Service, BreadcrumbList, FAQPage","Implemented: rehab-costs-uk-comparison-hero.webp (1600x900 WebP; 96 KB)","Not required - price tables and methodology modules are the useful visuals","Complete - brief 8; supplied hero accepted","Implemented: literal comparison-scene ALT text","Implemented: rehab-costs-uk-comparison-og.webp (1200x630; 60 KB)"
"Free Confidential Addiction and Mental Health Assessments","/assessments","free confidential addiction and mental health assessments","confidential self-assessment; next steps","Interactive assessment","Consideration","Assessment","Relevant authority pillar; relevant treatment/cost/decision page; suitable assessment or enquiry route","Current navigation/cluster links; add reciprocal links as new cluster pages publish","Assessment completion and enquiry","P3","Existing","Low","No BreadcrumbList found in live raw HTML. Title is 69 characters; review SERP truncation and keyword focus. Meta description is 200 characters; shorten without losing decision value.","Existing inventory","Assessment hub","Assessment","Live","","Partial / present","Partial - breadcrumb missing live","","","","","No BreadcrumbList found in live raw HTML. Title is 69 characters; review SERP truncation and keyword focus. Meta description is 200 characters; shorten without losing decision value.","Free Addiction & Mental Health Assessments | Insight Recovery Network","Confidential self-assessments for alcohol use, drug use, detox suitability, anxiety, depression, and ADHD. Start a free clinical assessment and receive personalised guidance, no registration required.","https://www.insightrecoverynetwork.com/assessments","index, follow","Free Confidential Addiction and Mental Health Assessments","ProfessionalService, PostalAddress, ContactPoint, WebSite, Country, Person","","","","",""
"Alcohol & Detox Suitability Assessment, free and confidential.","/assessments/alcohol-detox","alcohol & detox suitability assessment, free and confidential.","confidential self-assessment; next steps","Interactive assessment","Consideration","Assessment","Relevant authority pillar; relevant treatment/cost/decision page; suitable assessment or enquiry route","Current navigation/cluster links; add reciprocal links as new cluster pages publish","Assessment completion and enquiry","P3","Existing","Low","No BreadcrumbList found in live raw HTML. Meta description is 181 characters; shorten without losing decision value.","Existing inventory","Assessment","Alcohol","Live","","Partial / present","Partial - breadcrumb missing live","","","","","No BreadcrumbList found in live raw HTML. Meta description is 181 characters; shorten without losing decision value.","Alcohol & Detox Suitability Assessment | Insight Recovery Network","Free confidential assessment to understand whether alcohol use may carry withdrawal risk and whether medical detox may be appropriate. Takes 10–15 minutes. No registration required.","https://www.insightrecoverynetwork.com/assessments/alcohol-detox","index, follow","Alcohol & Detox Suitability Assessment, free and confidential.","ProfessionalService, PostalAddress, ContactPoint, WebSite, Country, Person","","","","",""
"Alcohol Use Assessment, understand your relationship with alcohol.","/assessments/alcohol-use","alcohol use assessment, understand your relationship with alcohol.","confidential self-assessment; next steps","Interactive assessment","Consideration","Assessment","Relevant authority pillar; relevant treatment/cost/decision page; suitable assessment or enquiry route","Current navigation/cluster links; add reciprocal links as new cluster pages publish","Assessment completion and enquiry","P3","Existing","Low","No BreadcrumbList found in live raw HTML. Meta description is 198 characters; shorten without losing decision value.","Existing inventory","Assessment","Alcohol","Live","","Partial / present","Partial - breadcrumb missing live","","","","","No BreadcrumbList found in live raw HTML. Meta description is 198 characters; shorten without losing decision value.","Alcohol Use Self-Assessment | Insight Recovery Network","Free confidential alcohol use self-assessment. Reflect on how drinking may be affecting your health, relationships, and daily life, personalised results sent to your email. No registration required.","https://www.insightrecoverynetwork.com/assessments/alcohol-use","index, follow","Alcohol Use Assessment, understand your relationship with alcohol.","ProfessionalService, PostalAddress, ContactPoint, WebSite, Country, Person","","","","",""
"Drug Use & Substance Assessment, free and confidential.","/assessments/drug-use","drug use & substance assessment, free and confidential.","confidential self-assessment; next steps","Interactive assessment","Consideration","Assessment","Relevant authority pillar; relevant treatment/cost/decision page; suitable assessment or enquiry route","Current navigation/cluster links; add reciprocal links as new cluster pages publish","Assessment completion and enquiry","P3","Existing","Low","No BreadcrumbList found in live raw HTML. Meta description is 197 characters; shorten without losing decision value.","Existing inventory","Assessment","Assessment","Live","","Partial / present","Partial - breadcrumb missing live","","","","","No BreadcrumbList found in live raw HTML. Meta description is 197 characters; shorten without losing decision value.","Drug Use & Substance Self-Assessment | Insight Recovery Network","Free confidential drug use and substance assessment. Explore your relationship with substances and understand whether professional support or treatment may be appropriate. No registration required.","https://www.insightrecoverynetwork.com/assessments/drug-use","index, follow","Drug Use & Substance Assessment, free and confidential.","ProfessionalService, PostalAddress, ContactPoint, WebSite, Country, Person","","","","",""
"Detox Suitability Assessment, understand what level of support you may need.","/assessments/detox","detox suitability assessment, understand what level of support you may need.","confidential self-assessment; next steps","Interactive assessment","Consideration","Assessment","Relevant authority pillar; relevant treatment/cost/decision page; suitable assessment or enquiry route","Current navigation/cluster links; add reciprocal links as new cluster pages publish","Assessment completion and enquiry","P3","Existing","Low","No BreadcrumbList found in live raw HTML. Meta description is 198 characters; shorten without losing decision value.","Existing inventory","Assessment","Detox","Live","","Partial / present","Partial - breadcrumb missing live","","","","","No BreadcrumbList found in live raw HTML. Meta description is 198 characters; shorten without losing decision value.","Detox Suitability Assessment | Insight Recovery Network","Free confidential detox suitability assessment. Understand whether medical detox is advisable, what level of supervision may be needed, and how to approach stopping safely. No registration required.","https://www.insightrecoverynetwork.com/assessments/detox","index, follow","Detox Suitability Assessment, understand what level of support you may need.","ProfessionalService, PostalAddress, ContactPoint, WebSite, Country, Person","","","","",""
"Anxiety Screening Assessment, free and confidential.","/assessments/anxiety","anxiety screening assessment, free and confidential.","confidential self-assessment; next steps","Interactive assessment","Consideration","Assessment","Relevant authority pillar; relevant treatment/cost/decision page; suitable assessment or enquiry route","Current navigation/cluster links; add reciprocal links as new cluster pages publish","Assessment completion and enquiry","P3","Existing","Low","No BreadcrumbList found in live raw HTML. Title is 77 characters; review SERP truncation and keyword focus. Meta description is 191 characters; shorten without losing decision value.","Existing inventory","Assessment","Assessment","Live","","Partial / present","Partial - breadcrumb missing live","","","","","No BreadcrumbList found in live raw HTML. Title is 77 characters; review SERP truncation and keyword focus. Meta description is 191 characters; shorten without losing decision value.","Anxiety Screening Assessment | Free & Confidential | Insight Recovery Network","Free confidential anxiety self-assessment based on GAD-7 criteria. Understand how anxiety may be affecting your thoughts, physical symptoms, and daily functioning, results sent to your email.","https://www.insightrecoverynetwork.com/assessments/anxiety","index, follow","Anxiety Screening Assessment, free and confidential.","ProfessionalService, PostalAddress, ContactPoint, WebSite, Country, Person","","","","",""
"Depression Screening Assessment, free and confidential.","/assessments/depression","depression screening assessment, free and confidential.","confidential self-assessment; next steps","Interactive assessment","Consideration","Assessment","Relevant authority pillar; relevant treatment/cost/decision page; suitable assessment or enquiry route","Current navigation/cluster links; add reciprocal links as new cluster pages publish","Assessment completion and enquiry","P3","Existing","Low","No BreadcrumbList found in live raw HTML. Title is 80 characters; review SERP truncation and keyword focus. Meta description is 191 characters; shorten without losing decision value.","Existing inventory","Assessment","Assessment","Live","","Partial / present","Partial - breadcrumb missing live","","","","","No BreadcrumbList found in live raw HTML. Title is 80 characters; review SERP truncation and keyword focus. Meta description is 191 characters; shorten without losing decision value.","Depression Screening Assessment | Free & Confidential | Insight Recovery Network","Free confidential depression self-assessment based on PHQ-9 criteria. Understand how low mood may be affecting your energy, motivation, and wellbeing, personalised results sent to your email.","https://www.insightrecoverynetwork.com/assessments/depression","index, follow","Depression Screening Assessment, free and confidential.","ProfessionalService, PostalAddress, ContactPoint, WebSite, Country, Person","","","","",""
"ADHD & Impulsivity Assessment, free and confidential.","/assessments/adhd-impulsivity","adhd & impulsivity assessment, free and confidential.","confidential self-assessment; next steps","Interactive assessment","Consideration","Assessment","Relevant authority pillar; relevant treatment/cost/decision page; suitable assessment or enquiry route","Current navigation/cluster links; add reciprocal links as new cluster pages publish","Assessment completion and enquiry","P3","Existing","Low","No BreadcrumbList found in live raw HTML. Meta description is 204 characters; shorten without losing decision value.","Existing inventory","Assessment","Assessment","Live","","Partial / present","Partial - breadcrumb missing live","","","","","No BreadcrumbList found in live raw HTML. Meta description is 204 characters; shorten without losing decision value.","ADHD & Impulsivity Self-Assessment | Insight Recovery Network","Free confidential ADHD and impulsivity self-assessment. Explore patterns of attention, focus, and impulsive behaviour that may be affecting your work, relationships, or recovery. No registration required.","https://www.insightrecoverynetwork.com/assessments/adhd-impulsivity","index, follow","ADHD & Impulsivity Assessment, free and confidential.","ProfessionalService, PostalAddress, ContactPoint, WebSite, Country, Person","","","","",""
"Addiction and Mental Health Recovery Resources","/resources","addiction and mental health recovery resources","addiction recovery; support; next steps","Navigational","Consideration","General recovery","Relevant authority pillar; relevant treatment/cost/decision page; suitable assessment or enquiry route","Current navigation/cluster links; add reciprocal links as new cluster pages publish","Assisted conversion","P1","Improve","Medium","No BreadcrumbList found in live raw HTML. Title is 77 characters; review SERP truncation and keyword focus. Meta description is 204 characters; shorten without losing decision value.","Existing inventory","Resource hub","General recovery","Live","","Partial / present","Partial - breadcrumb missing live","","","","","No BreadcrumbList found in live raw HTML. Title is 77 characters; review SERP truncation and keyword focus. Meta description is 204 characters; shorten without losing decision value.","Addiction & Recovery Resources | Clinical Articles | Insight Recovery Network","Authoritative articles on addiction, recovery, treatment options, and mental health, written by Craig Bilton to help individuals and families make informed decisions about addiction support and treatment.","https://www.insightrecoverynetwork.com/resources","index, follow","Addiction and Mental Health Recovery Resources","ProfessionalService, PostalAddress, ContactPoint, WebSite, Country, Person","","","","",""
"Privacy Policy","/privacy-policy","privacy policy","trust; credentials; governance","Navigational","Trust","Trust","Relevant authority pillar; relevant treatment/cost/decision page; suitable assessment or enquiry route","Current navigation/cluster links; add reciprocal links as new cluster pages publish","Trust and assisted conversion","P3","Existing","Low","No BreadcrumbList found in live raw HTML.","Existing inventory","Policy / trust","Trust","Live","","Partial / present","Partial - breadcrumb missing live","","","","","No BreadcrumbList found in live raw HTML.","Privacy Policy | Insight Recovery Network","How Insight Recovery Network collects, uses and protects your personal data under UK GDPR. All enquiries are handled with complete discretion.","https://www.insightrecoverynetwork.com/privacy-policy","index, follow","Privacy Policy","ProfessionalService, PostalAddress, ContactPoint, WebSite, Country, Person","","","","",""
"Terms of Service","/terms-of-service","terms of service","trust; credentials; governance","Navigational","Trust","Trust","Relevant authority pillar; relevant treatment/cost/decision page; suitable assessment or enquiry route","Current navigation/cluster links; add reciprocal links as new cluster pages publish","Trust and assisted conversion","P3","Existing","Low","No BreadcrumbList found in live raw HTML. Meta description is 172 characters; shorten without losing decision value.","Existing inventory","Policy / trust","General recovery","Live","","Partial / present","Partial - breadcrumb missing live","","","","","No BreadcrumbList found in live raw HTML. Meta description is 172 characters; shorten without losing decision value.","Terms of Service | Insight Recovery Network","Terms governing use of the Insight Recovery Network website and services. We provide private online support and guidance, not regulated medical treatment or emergency care.","https://www.insightrecoverynetwork.com/terms-of-service","index, follow","Terms of Service","ProfessionalService, PostalAddress, ContactPoint, WebSite, Country, Person","","","","",""
"Cookie Policy","/cookie-policy","cookie policy","trust; credentials; governance","Navigational","Trust","Trust","Relevant authority pillar; relevant treatment/cost/decision page; suitable assessment or enquiry route","Current navigation/cluster links; add reciprocal links as new cluster pages publish","Trust and assisted conversion","P3","Existing","Low","No BreadcrumbList found in live raw HTML. Meta description is 169 characters; shorten without losing decision value.","Existing inventory","Policy / trust","Trust","Live","","Partial / present","Partial - breadcrumb missing live","","","","","No BreadcrumbList found in live raw HTML. Meta description is 169 characters; shorten without losing decision value.","Cookie Policy | Insight Recovery Network","Insight Recovery Network uses only essential session cookies. We do not use tracking, advertising or analytics cookies. Learn what cookies we set and how to manage them.","https://www.insightrecoverynetwork.com/cookie-policy","index, follow","Cookie Policy","ProfessionalService, PostalAddress, ContactPoint, WebSite, Country, Person","","","","",""
"Editorial Policy","/editorial-policy","editorial policy","trust; credentials; governance","Navigational","Trust","Trust","Relevant authority pillar; relevant treatment/cost/decision page; suitable assessment or enquiry route","Resource hub or parent hub plus at least two contextual cluster pages","Trust and assisted conversion","P3","Existing","Low","No incoming link found in production raw HTML crawl; current remote source needs a complete prerendered resource directory or explicit contextual link. No BreadcrumbList found in live raw HTML.","Existing inventory","Policy / trust","Trust","Live","","No - raw HTML orphan","Partial - breadcrumb missing live","","","","","No incoming link found in production raw HTML crawl; current remote source needs a complete prerendered resource directory or explicit contextual link. No BreadcrumbList found in live raw HTML.","Editorial Policy | Insight Recovery Network","How Insight Recovery Network researches, writes, sources, reviews and updates addiction and mental health information.","https://www.insightrecoverynetwork.com/editorial-policy","index, follow","Editorial Policy","ProfessionalService, PostalAddress, ContactPoint, WebSite, Country, Person","","","","",""
"Clinical Disclaimer","/clinical-disclaimer","clinical disclaimer","trust; credentials; governance","Navigational","Trust","Trust","Relevant authority pillar; relevant treatment/cost/decision page; suitable assessment or enquiry route","Current navigation/cluster links; add reciprocal links as new cluster pages publish","Trust and assisted conversion","P3","Existing","Low","No BreadcrumbList found in live raw HTML. Meta description is 175 characters; shorten without losing decision value.","Existing inventory","Policy / trust","Trust","Live","","Partial / present","Partial - breadcrumb missing live","","","","","No BreadcrumbList found in live raw HTML. Meta description is 175 characters; shorten without losing decision value.","Clinical Disclaimer | Insight Recovery Network","Insight Recovery Network provides private online support and guidance, not regulated medical treatment. Read our full clinical disclaimer including emergency service contacts.","https://www.insightrecoverynetwork.com/clinical-disclaimer","index, follow","Clinical Disclaimer","ProfessionalService, PostalAddress, ContactPoint, WebSite, Country, Person","","","","",""
"Clear, responsible commentary on addiction and recovery.","/media","media & expert commentary","trust; credentials; governance","Navigational","Trust","Trust","Relevant authority pillar; relevant treatment/cost/decision page; suitable assessment or enquiry route","Resource hub or parent hub plus at least two contextual cluster pages","Trust and assisted conversion","P3","Existing","Low","No incoming link found in production raw HTML crawl; current remote source needs a complete prerendered resource directory or explicit contextual link. No BreadcrumbList found in live raw HTML.","Existing inventory","About / E-E-A-T","Trust","Live","","No - raw HTML orphan","Partial - breadcrumb missing live","","","","","No incoming link found in production raw HTML crawl; current remote source needs a complete prerendered resource directory or explicit contextual link. No BreadcrumbList found in live raw HTML.","Media & Expert Commentary | Craig Bilton","Media enquiries and expert commentary from Craig Bilton on addiction, recovery, treatment, families and crypto-trading addiction.","https://www.insightrecoverynetwork.com/media","index, follow","Clear, responsible commentary on addiction and recovery.","ProfessionalService, PostalAddress, ContactPoint, WebSite, Country, Person","","","","",""
"Addiction Help in Cornwall: Assessment, Online Support and Rehab Placement","/addiction-help-cornwall","addiction help Cornwall","rehab Cornwall; alcohol support Cornwall; private treatment","Local commercial","Decision","UK locations","Relevant authority pillar; relevant treatment/cost/decision page; suitable assessment or enquiry route","Current navigation/cluster links; add reciprocal links as new cluster pages publish","Assessment or treatment enquiry","P1","Improve","Medium","No blocking metadata or status issue in the 28 August 2026 live crawl.","Existing inventory","Commercial landing page","Online recovery","Live","","Partial / present","Yes / present","","","","","Monitor and refresh according to content risk and performance.","Addiction Help in Cornwall: Online Support & Rehab Placement","Confidential addiction help in Cornwall, including online assessment, recovery support, family guidance and assessment-led UK or international rehab placement.","https://www.insightrecoverynetwork.com/addiction-help-cornwall","index, follow","Addiction Help in Cornwall: Assessment, Online Support and Rehab Placement","ProfessionalService, PostalAddress, ContactPoint, WebSite, Service, AdministrativeArea, BreadcrumbList, ListItem, FAQPage, Question, Answer, Country, Person","","","","",""
"Craig Bilton","/craig-bilton","craig bilton","trust; credentials; governance","Navigational","Trust","Trust","Relevant authority pillar; relevant treatment/cost/decision page; suitable assessment or enquiry route","Current navigation/cluster links; add reciprocal links as new cluster pages publish","Trust and assisted conversion","P3","Existing","Low","No BreadcrumbList found in live raw HTML. Meta description is 191 characters; shorten without losing decision value. Raw HTML is light at about 203 words; assess usefulness rather than adding filler.","Existing inventory","About / E-E-A-T","General recovery","Live","","Partial / present","Partial - breadcrumb missing live","","","","","No BreadcrumbList found in live raw HTML. Meta description is 191 characters; shorten without losing decision value. Raw HTML is light at about 203 words; assess usefulness rather than adding filler.","Craig Bilton | Founder of Insight Recovery Network","Craig Bilton is the Founder and Clinical Director of Insight Recovery Network, supporting individuals and families with addiction recovery, treatment placement, and structured online support.","https://www.insightrecoverynetwork.com/craig-bilton","index, follow","Craig Bilton","ProfessionalService, PostalAddress, ContactPoint, WebSite, Country, Person","","","","",""
"Luxury Rehab and Private International Treatment","/luxury-rehab","luxury rehab and private international treatment","private addiction support; assessment; next steps","Transactional","Decision","Treatment navigation","Relevant authority pillar; relevant treatment/cost/decision page; suitable assessment or enquiry route","Current navigation/cluster links; add reciprocal links as new cluster pages publish","Qualified enquiry","P3","Existing","Low","No blocking metadata or status issue in the 28 August 2026 live crawl.","Existing inventory","Commercial landing page","Treatment navigation","Live","","Partial / present","Yes / present","","","","","Monitor and refresh according to content risk and performance.","Luxury Rehab: Private and International Treatment Options | IRN","Compare luxury rehab in the UK and abroad, including clinical quality, privacy, accommodation, medical provision, costs and aftercare planning.","https://www.insightrecoverynetwork.com/luxury-rehab","index, follow","Luxury Rehab and Private International Treatment","ProfessionalService, PostalAddress, ContactPoint, WebSite, Service, Country, BreadcrumbList, ListItem, FAQPage, Question, Answer, Person","","","","",""
"Executive Rehab for Professionals and Business Leaders","/executive-rehab","executive rehab for professionals and business leaders","private addiction support; assessment; next steps","Transactional","Decision","Treatment navigation","Relevant authority pillar; relevant treatment/cost/decision page; suitable assessment or enquiry route","Current navigation/cluster links; add reciprocal links as new cluster pages publish","Qualified enquiry","P3","Existing","Low","No blocking metadata or status issue in the 28 August 2026 live crawl.","Existing inventory","Commercial landing page","Treatment navigation","Live","","Partial / present","Yes / present","","","","","Monitor and refresh according to content risk and performance.","Executive Rehab: Confidential Treatment for Professionals | IRN","Confidential executive rehab guidance for professionals, business owners and public-facing individuals comparing private treatment in the UK or abroad.","https://www.insightrecoverynetwork.com/executive-rehab","index, follow","Executive Rehab for Professionals and Business Leaders","ProfessionalService, PostalAddress, ContactPoint, WebSite, Service, Country, BreadcrumbList, ListItem, FAQPage, Question, Answer, Person","","","","",""
"Destination Rehab and Private Treatment Abroad","/destination-rehab","rehab abroad from UK","overseas rehab; international addiction treatment","Commercial investigation","Decision","International placement","Relevant authority pillar; relevant treatment/cost/decision page; suitable assessment or enquiry route","Current navigation/cluster links; add reciprocal links as new cluster pages publish","Treatment placement enquiry","P1","Improve","Medium","No blocking metadata or status issue in the 28 August 2026 live crawl.","Existing inventory","Commercial landing page","International placement","Live","","Partial / present","Yes / present","","","","","Monitor and refresh according to content risk and performance.","Destination Rehab: Private Treatment Abroad and Overseas | IRN","Compare private rehab abroad, including travel safety, detox, costs, family access, treatment length and aftercare after returning to the UK.","https://www.insightrecoverynetwork.com/destination-rehab","index, follow","Destination Rehab and Private Treatment Abroad","ProfessionalService, PostalAddress, ContactPoint, WebSite, Service, Country, BreadcrumbList, ListItem, FAQPage, Question, Answer, Person","","","","",""
"Private Rehab in Thailand: Costs and Treatment Placement","/private-rehab-thailand","private rehab in thailand: costs and treatment placement","private addiction support; assessment; next steps","Transactional","Decision","International placement","Relevant authority pillar; relevant treatment/cost/decision page; suitable assessment or enquiry route","Current navigation/cluster links; add reciprocal links as new cluster pages publish","Qualified enquiry","P1","Improve","Medium","No BreadcrumbList found in live raw HTML.","Existing inventory","Commercial landing page","International placement","Live","","Partial / present","Partial - breadcrumb missing live","","","","","No BreadcrumbList found in live raw HTML.","Private Rehab Thailand: Costs & Treatment Placement | IRN","Compare private rehab in Thailand, guide costs from £8,000 to £15,000, detox, trauma-informed care, programme lengths and assessment-led placement support.","https://www.insightrecoverynetwork.com/private-rehab-thailand","index, follow","Private Rehab in Thailand: Costs and Treatment Placement","ProfessionalService, PostalAddress, ContactPoint, WebSite, Service, Country, AggregateOffer, FAQPage, Question, Answer, Person","","","","",""
"Private Rehab in South Africa","/private-rehab-south-africa","private rehab in south africa","private addiction support; assessment; next steps","Transactional","Decision","International placement","Relevant authority pillar; relevant treatment/cost/decision page; suitable assessment or enquiry route","Current navigation/cluster links; add reciprocal links as new cluster pages publish","Qualified enquiry","P1","Improve","Medium","No BreadcrumbList found in live raw HTML. Title is 86 characters; review SERP truncation and keyword focus. Meta description is 194 characters; shorten without losing decision value.","Existing inventory","Commercial landing page","International placement","Live","","Partial / present","Partial - breadcrumb missing live","","","","","No BreadcrumbList found in live raw HTML. Title is 86 characters; review SERP truncation and keyword focus. Meta description is 194 characters; shorten without losing decision value.","Private Rehab in South Africa | Costs, Placement & Guidance | Insight Recovery Network","Considering rehab in South Africa? Assessment-led guidance on residential addiction treatment, with long-term programmes from around £1,800 per month up to around £10,000 for premium facilities.","https://www.insightrecoverynetwork.com/private-rehab-south-africa","index, follow","Private Rehab in South Africa","ProfessionalService, PostalAddress, ContactPoint, WebSite, Service, Country, AggregateOffer, FAQPage, Question, Answer, Person","","","","",""
"Private Rehab in Spain","/private-rehab-spain","private rehab in spain","private addiction support; assessment; next steps","Transactional","Decision","International placement","Relevant authority pillar; relevant treatment/cost/decision page; suitable assessment or enquiry route","Current navigation/cluster links; add reciprocal links as new cluster pages publish","Qualified enquiry","P1","Improve","Medium","No BreadcrumbList found in live raw HTML. Title is 79 characters; review SERP truncation and keyword focus. Meta description is 187 characters; shorten without losing decision value.","Existing inventory","Commercial landing page","International placement","Live","","Partial / present","Partial - breadcrumb missing live","","","","","No BreadcrumbList found in live raw HTML. Title is 79 characters; review SERP truncation and keyword focus. Meta description is 187 characters; shorten without losing decision value.","Private Rehab in Spain | Costs, Placement & Guidance | Insight Recovery Network","Considering private rehab in Spain? Assessment-led guidance on residential addiction treatment, from around £4,000 to £28,000 depending on facility, close to the UK with discreet options.","https://www.insightrecoverynetwork.com/private-rehab-spain","index, follow","Private Rehab in Spain","ProfessionalService, PostalAddress, ContactPoint, WebSite, Service, Country, AggregateOffer, FAQPage, Question, Answer, Person","","","","",""
"Private Rehab in Sri Lanka","/private-rehab-sri-lanka","private rehab in sri lanka","private addiction support; assessment; next steps","Transactional","Decision","International placement","Relevant authority pillar; relevant treatment/cost/decision page; suitable assessment or enquiry route","Current navigation/cluster links; add reciprocal links as new cluster pages publish","Qualified enquiry","P1","Improve","Medium","No BreadcrumbList found in live raw HTML. Title is 83 characters; review SERP truncation and keyword focus. Meta description is 185 characters; shorten without losing decision value.","Existing inventory","Commercial landing page","International placement","Live","","Partial / present","Partial - breadcrumb missing live","","","","","No BreadcrumbList found in live raw HTML. Title is 83 characters; review SERP truncation and keyword focus. Meta description is 185 characters; shorten without losing decision value.","Private Rehab in Sri Lanka | Costs, Placement & Guidance | Insight Recovery Network","Considering rehab in Sri Lanka? Assessment-led guidance on residential addiction treatment, typical costs from £12,000 to £18,000, smaller facilities and confidential placement support.","https://www.insightrecoverynetwork.com/private-rehab-sri-lanka","index, follow","Private Rehab in Sri Lanka","ProfessionalService, PostalAddress, ContactPoint, WebSite, Service, Country, AggregateOffer, FAQPage, Question, Answer, Person","","","","",""
"Prescription Drug Addiction: Signs, Risks and Help","/resources/prescription-drug-addiction","prescription drug addiction","prescription medicine dependence; withdrawal safety; opioids; benzodiazepines; gabapentinoids; Z-drugs","Informational safety","Awareness","Prescription drugs","/resources/benzodiazepine-withdrawal; /resources/opioid-detox; /resources/addiction-detox-uk; /assessments/detox; /treatment-placement","Resource hub; detox hub; withdrawal guides; future prescription-drug treatment page","Medical-provider navigation and treatment enquiry","P1","Existing","Medium","Authority article published concurrently on origin/main and reconciled into Batch 2. Retained as the broad prescription-medicine pillar and linked to specific withdrawal decisions.","Existing inventory","Resource article","Prescription drugs","Live in origin/main","2026-08-28","Yes","Yes","","","","","Monitor broad prescription-drug queries and do not duplicate this authority intent in a withdrawal or commercial page.","Prescription Drug Addiction: Signs and Help | IRN","Learn the signs and risks of prescription drug addiction, why some medicines must not be stopped suddenly and how safe UK assessment and treatment work.","https://www.insightrecoverynetwork.com/resources/prescription-drug-addiction","index, follow","Prescription Drug Addiction: Signs, Risks and Help","ProfessionalService, WebSite, Article, Person, Organization, ImageObject, WebPage, MedicalWebPage, MedicalAudience, FAQPage, BreadcrumbList","","","","",""
"Cannabis Addiction: Signs, Effects and Treatment","/resources/cannabis-addiction","cannabis addiction","cannabis dependence; withdrawal; treatment","Informational","Awareness","Cannabis","Relevant authority pillar; relevant treatment/cost/decision page; suitable assessment or enquiry route","Resource hub or parent hub plus at least two contextual cluster pages","Substance treatment enquiry","P1","Improve","Medium","No incoming link found in production raw HTML crawl; current remote source needs a complete prerendered resource directory or explicit contextual link.","Existing inventory","Resource article","Cannabis","Live","","No - raw HTML orphan","Yes / present","","","","","No incoming link found in production raw HTML crawl; current remote source needs a complete prerendered resource directory or explicit contextual link.","Cannabis Addiction: Signs, Effects and Treatment - IRN","Learn the signs and effects of cannabis addiction, what withdrawal can feel like, when mental-health risks need urgent help and UK treatment options.","https://www.insightrecoverynetwork.com/resources/cannabis-addiction","index, follow","Cannabis Addiction: Signs, Effects and Treatment","ProfessionalService, PostalAddress, ContactPoint, WebSite, Article, Person, Organization, ImageObject, WebPage, MedicalWebPage, MedicalAudience, FAQPage, Question, Answer, BreadcrumbList, ListItem, Country","","","","",""
"Ketamine Addiction: Signs, Harms and Treatment","/resources/ketamine-addiction","ketamine addiction","ketamine bladder; dependence; treatment","Informational","Awareness","Ketamine","Relevant authority pillar; relevant treatment/cost/decision page; suitable assessment or enquiry route","Resource hub or parent hub plus at least two contextual cluster pages","Substance treatment enquiry","P1","Improve","Medium","No incoming link found in production raw HTML crawl; current remote source needs a complete prerendered resource directory or explicit contextual link.","Existing inventory","Resource article","Ketamine","Live","","No - raw HTML orphan","Yes / present","","","","","No incoming link found in production raw HTML crawl; current remote source needs a complete prerendered resource directory or explicit contextual link.","Ketamine Addiction: Signs, Harms & Treatment | IRN","Understand ketamine addiction, bladder and mental-health harms, urgent warning signs, assessment and evidence-based UK treatment options.","https://www.insightrecoverynetwork.com/resources/ketamine-addiction","index, follow","Ketamine Addiction: Signs, Harms and Treatment","ProfessionalService, PostalAddress, ContactPoint, WebSite, Article, Person, Organization, ImageObject, WebPage, MedicalWebPage, MedicalAudience, FAQPage, Question, Answer, BreadcrumbList, ListItem, Country","","","","",""
"Benzodiazepine Addiction and Dependence: UK Guide","/resources/benzodiazepine-addiction","benzodiazepine addiction","benzodiazepine dependence; withdrawal; treatment","Informational","Awareness","Benzodiazepines","Relevant authority pillar; relevant treatment/cost/decision page; suitable assessment or enquiry route","Current navigation/cluster links; add reciprocal links as new cluster pages publish","Substance treatment enquiry","P1","Improve","Medium","No blocking metadata or status issue in the 28 August 2026 live crawl.","Existing inventory","Resource article","Benzodiazepines","Live","","Partial / present","Yes / present","","","","","Monitor and refresh according to content risk and performance.","Benzodiazepine Addiction and Dependence: UK Guide | IRN","Understand benzodiazepine dependence, addiction and withdrawal risks, when urgent help is needed, and how safe UK assessment and treatment work.","https://www.insightrecoverynetwork.com/resources/benzodiazepine-addiction","index, follow","Benzodiazepine Addiction and Dependence: UK Guide","ProfessionalService, PostalAddress, ContactPoint, WebSite, Article, Person, Organization, ImageObject, WebPage, MedicalWebPage, MedicalAudience, FAQPage, Question, Answer, BreadcrumbList, ListItem, Country","","","","",""
"Mental Health and Addiction: A Complete UK Guide","/resources/mental-health-and-addiction","mental health and addiction: uk guide","dual diagnosis signs; risks; support; treatment options","Informational","Awareness","Dual diagnosis","Relevant authority pillar; relevant treatment/cost/decision page; suitable assessment or enquiry route","Current navigation/cluster links; add reciprocal links as new cluster pages publish","Assessment or suitable support enquiry","P1","Improve","Medium","No blocking metadata or status issue in the 28 August 2026 live crawl.","Existing inventory","Resource article","Dual diagnosis","Live","","Partial / present","Yes / present","","","","","Monitor and refresh according to content risk and performance.","Mental Health and Addiction: UK Guide | IRN","Understand how mental health and addiction interact, what a safe assessment covers, urgent warning signs and how to find coordinated UK support.","https://www.insightrecoverynetwork.com/resources/mental-health-and-addiction","index, follow","Mental Health and Addiction: A Complete UK Guide","ProfessionalService, PostalAddress, ContactPoint, WebSite, Article, Person, Organization, ImageObject, WebPage, MedicalWebPage, MedicalAudience, FAQPage, Question, Answer, BreadcrumbList, ListItem, Country","","","","",""
"Cocaine Addiction: Signs, Risks and Treatment","/resources/cocaine-addiction","cocaine addiction","cocaine signs; risks; cocaine treatment UK","Informational","Awareness","Cocaine","Relevant authority pillar; relevant treatment/cost/decision page; suitable assessment or enquiry route","Resource hub or parent hub plus at least two contextual cluster pages","Substance treatment enquiry","P1","Improve","Medium","No incoming link found in production raw HTML crawl; current remote source needs a complete prerendered resource directory or explicit contextual link.","Existing inventory","Resource article","Cocaine","Live","","No - raw HTML orphan","Yes / present","","","","","No incoming link found in production raw HTML crawl; current remote source needs a complete prerendered resource directory or explicit contextual link.","Cocaine Addiction: Signs, Risks and Treatment | IRN","Learn the signs and risks of cocaine addiction, what withdrawal can feel like, and which UK treatment options may help. Includes urgent-help advice.","https://www.insightrecoverynetwork.com/resources/cocaine-addiction","index, follow","Cocaine Addiction: Signs, Risks and Treatment","ProfessionalService, PostalAddress, ContactPoint, WebSite, Article, Person, Organization, ImageObject, WebPage, MedicalWebPage, MedicalAudience, FAQPage, Question, Answer, BreadcrumbList, ListItem, Country","","","","",""
"Addiction Detox UK: Safety, Settings and Next Steps","/resources/addiction-detox-uk","addiction detox UK","drug and alcohol detox; medical detox; detox assessment","Informational","Awareness","Detox","/assessments/detox; /treatment-placement; five withdrawal guides; /resources/detox-vs-rehab","All substance pillars; treatment pages; assessments; resource hub","Detox assessment or provider-navigation enquiry","P1","Improve","Medium","Batch 2 strengthens this route as the general detox authority hub and adds the complete substance-specific withdrawal decision directory.","Existing inventory","Resource article","Detox","Branch-ready","2026-08-28","Yes","Yes","","","","","Deploy, then monitor general detox queries; do not create a second broad detox hub.","Addiction Detox UK: Safety, Settings and Next Steps | IRN","Understand when addiction detox needs medical support, how community, residential and inpatient settings differ, and what should happen afterwards.","https://www.insightrecoverynetwork.com/resources/addiction-detox-uk","index, follow","Addiction Detox UK: Safety, Settings and Next Steps","ProfessionalService, WebSite, Article, Person, Organization, ImageObject, WebPage, MedicalWebPage, MedicalAudience, FAQPage, BreadcrumbList","Implemented: addiction-detox-uk-treatment-navigation-hero.webp (1600x900 WebP; 140 KB)","Replacement still required for both branded/readable-text supporting images; current placements retained","Complete - brief 6; supplied hero accepted; supporting set outstanding","Hero ALT implemented literally; replacement supporting-image ALTs remain approved in the brief","Implemented: addiction-detox-uk-treatment-navigation-og.webp (1200x630; 84 KB)"
"Residential Rehab UK: What Happens and Who It Helps","/resources/what-happens-in-residential-rehabilitation","residential rehab uk: what happens and who it helps","treatment navigation signs; risks; support; treatment options","Commercial investigation","Consideration","Treatment navigation","Relevant authority pillar; relevant treatment/cost/decision page; suitable assessment or enquiry route","Current navigation/cluster links; add reciprocal links as new cluster pages publish","Assessment or suitable support enquiry","P2","Existing","Low","No blocking metadata or status issue in the 28 August 2026 live crawl.","Existing inventory","Resource article","Treatment navigation","Live","","Partial / present","Yes / present","","","","","Monitor and refresh according to content risk and performance.","Residential Rehab UK: What Happens and Who It Helps","Learn what happens in residential rehab, who it may help, how detox and therapy differ, and how to compare safe, suitable UK treatment.","https://www.insightrecoverynetwork.com/resources/what-happens-in-residential-rehabilitation","index, follow","Residential Rehab UK: What Happens and Who It Helps","ProfessionalService, PostalAddress, ContactPoint, WebSite, Article, Person, Organization, ImageObject, WebPage, MedicalWebPage, MedicalAudience, FAQPage, Question, Answer, BreadcrumbList, ListItem, Country","","","","",""
"Dual Diagnosis: Addiction and Mental Health in the UK","/resources/dual-diagnosis","dual diagnosis UK","mental health and addiction; integrated treatment","Informational","Awareness","Dual diagnosis","Relevant authority pillar; relevant treatment/cost/decision page; suitable assessment or enquiry route","Current navigation/cluster links; add reciprocal links as new cluster pages publish","Assessment or placement enquiry","P1","Improve","Medium","No blocking metadata or status issue in the 28 August 2026 live crawl.","Existing inventory","Resource article","Dual diagnosis","Live","","Partial / present","Yes / present","","","","","Monitor and refresh according to content risk and performance.","Dual Diagnosis: Addiction and Mental Health UK","Understand dual diagnosis, assessment and joined-up addiction and mental-health treatment in the UK, including care options and when to get help.","https://www.insightrecoverynetwork.com/resources/dual-diagnosis","index, follow","Dual Diagnosis: Addiction and Mental Health in the UK","ProfessionalService, PostalAddress, ContactPoint, WebSite, Article, Person, Organization, ImageObject, WebPage, MedicalWebPage, MedicalAudience, FAQPage, Question, Answer, BreadcrumbList, ListItem, Country","","","","",""
"Online Addiction Recovery Programme: Evidence & Safety","/resources/online-recovery-programmes","online addiction recovery programme: uk guide","online recovery signs; risks; support; treatment options","Informational","Awareness","Online recovery","Relevant authority pillar; relevant treatment/cost/decision page; suitable assessment or enquiry route","Current navigation/cluster links; add reciprocal links as new cluster pages publish","Assessment or suitable support enquiry","P2","Existing","Low","No blocking metadata or status issue in the 28 August 2026 live crawl.","Existing inventory","Resource article","Online recovery","Live","","Partial / present","Yes / present","","","","","Monitor and refresh according to content risk and performance.","Online Addiction Recovery Programme: UK Guide | IRN","Learn how online addiction recovery programmes work, who they may suit, safety limits, evidence and how to choose credible UK support.","https://www.insightrecoverynetwork.com/resources/online-recovery-programmes","index, follow","Online Addiction Recovery Programme: Evidence & Safety","ProfessionalService, PostalAddress, ContactPoint, WebSite, Article, Person, Organization, ImageObject, WebPage, MedicalWebPage, MedicalAudience, FAQPage, Question, Answer, BreadcrumbList, ListItem, Country","","","","",""
"Addiction Support for Families: A Complete UK Guide","/resources/addiction-support-for-families","addiction support for families: uk guide","general recovery signs; risks; support; treatment options","Informational","Awareness","General recovery","Relevant authority pillar; relevant treatment/cost/decision page; suitable assessment or enquiry route","Current navigation/cluster links; add reciprocal links as new cluster pages publish","Assessment or suitable support enquiry","P2","Existing","Low","No blocking metadata or status issue in the 28 August 2026 live crawl.","Existing inventory","Resource article","General recovery","Live","","Partial / present","Yes / present","","","","","Monitor and refresh according to content risk and performance.","Addiction Support for Families: UK Guide | IRN","Practical UK guidance for families affected by addiction: safety, conversations, boundaries, treatment options and support for your own wellbeing.","https://www.insightrecoverynetwork.com/resources/addiction-support-for-families","index, follow","Addiction Support for Families: A Complete UK Guide","ProfessionalService, PostalAddress, ContactPoint, WebSite, Article, Person, Organization, ImageObject, WebPage, MedicalWebPage, MedicalAudience, FAQPage, Question, Answer, BreadcrumbList, ListItem, Country","","","","",""
"Early Findings: Families Are Carrying the Burden of Addiction Alone","/resources/families-carrying-burden-addiction-early-findings","families carrying addiction's burden","general recovery signs; risks; support; treatment options","Informational","Awareness","General recovery","Relevant authority pillar; relevant treatment/cost/decision page; suitable assessment or enquiry route","Current navigation/cluster links; add reciprocal links as new cluster pages publish","Assessment or suitable support enquiry","P2","Existing","Low","No blocking metadata or status issue in the 28 August 2026 live crawl.","Existing inventory","Resource article","General recovery","Live","","Partial / present","Yes / present","","","","","Monitor and refresh according to content risk and performance.","Families Carrying Addiction's Burden | Early Findings","Early UK findings reveal how families carry responsibility, secrecy and conflict around addiction, and why support must include the whole family.","https://www.insightrecoverynetwork.com/resources/families-carrying-burden-addiction-early-findings","index, follow","Early Findings: Families Are Carrying the Burden of Addiction Alone","ProfessionalService, PostalAddress, ContactPoint, WebSite, Article, Person, Organization, ImageObject, WebPage, BreadcrumbList, ListItem, Country","","","","",""
"Why Families Can Live with Addiction for Years Before Seeking Help","/resources/why-families-delay-seeking-addiction-help","why families delay seeking addiction help","general recovery signs; risks; support; treatment options","Informational","Awareness","General recovery","Relevant authority pillar; relevant treatment/cost/decision page; suitable assessment or enquiry route","Current navigation/cluster links; add reciprocal links as new cluster pages publish","Assessment or suitable support enquiry","P2","Existing","Low","No blocking metadata or status issue in the 28 August 2026 live crawl.","Existing inventory","Resource article","General recovery","Live","","Partial / present","Yes / present","","","","","Monitor and refresh according to content risk and performance.","Why Families Delay Seeking Addiction Help | UK Findings","Early UK findings explore why families may live with addiction for years before seeking help, including fear, hope and uncertainty about treatment.","https://www.insightrecoverynetwork.com/resources/why-families-delay-seeking-addiction-help","index, follow","Why Families Can Live with Addiction for Years Before Seeking Help","ProfessionalService, PostalAddress, ContactPoint, WebSite, Article, Person, Organization, ImageObject, WebPage, BreadcrumbList, ListItem, Country","","","","",""
"The Hidden Cost of Addiction Is Not Only Financial","/resources/hidden-family-cost-of-addiction","the hidden family cost of addiction","family support signs; risks; support; treatment options","Commercial investigation","Consideration","Family support","Relevant authority pillar; relevant treatment/cost/decision page; suitable assessment or enquiry route","Current navigation/cluster links; add reciprocal links as new cluster pages publish","Family support enquiry","P2","Existing","Low","Meta description is 35 characters; strengthen.","Existing inventory","Resource article","Family support","Live","","Partial / present","Yes / present","","","","","Meta description is 35 characters; strengthen.","The Hidden Family Cost of Addiction | Early Findings","Early UK findings examine addiction","https://www.insightrecoverynetwork.com/resources/hidden-family-cost-of-addiction","index, follow","The Hidden Cost of Addiction Is Not Only Financial","ProfessionalService, PostalAddress, ContactPoint, WebSite, Article, Person, Organization, ImageObject, WebPage, BreadcrumbList, ListItem, Country","","","","",""
"Crypto Trading Addiction: Warning Signs, Family Impact and Getting Help","/resources/crypto-trading-addiction-warning-signs-help","crypto trading addiction: signs, impact & help","general recovery signs; risks; support; treatment options","Informational","Awareness","General recovery","Relevant authority pillar; relevant treatment/cost/decision page; suitable assessment or enquiry route","Resource hub or parent hub plus at least two contextual cluster pages","Assessment or suitable support enquiry","P2","Existing","Low","No incoming link found in production raw HTML crawl; current remote source needs a complete prerendered resource directory or explicit contextual link.","Existing inventory","Resource article","General recovery","Live","","No - raw HTML orphan","Yes / present","","","","","No incoming link found in production raw HTML crawl; current remote source needs a complete prerendered resource directory or explicit contextual link.","Crypto Trading Addiction: Signs, Impact & Help","Understand crypto trading addiction, including warning signs, chasing losses, family impact and practical routes to confidential support in the UK.","https://www.insightrecoverynetwork.com/resources/crypto-trading-addiction-warning-signs-help","index, follow","Crypto Trading Addiction: Warning Signs, Family Impact and Getting Help","ProfessionalService, PostalAddress, ContactPoint, WebSite, Article, Person, Organization, ImageObject, WebPage, FAQPage, Question, Answer, BreadcrumbList, ListItem, Country","","","","",""
"What Does Enabler Mean in Addiction?","/resources/what-does-enabler-mean","what does enabler mean in addiction?","family support signs; risks; support; treatment options","Informational","Awareness","Family support","Relevant authority pillar; relevant treatment/cost/decision page; suitable assessment or enquiry route","Resource hub or parent hub plus at least two contextual cluster pages","Family support enquiry","P2","Existing","Low","No incoming link found in production raw HTML crawl; current remote source needs a complete prerendered resource directory or explicit contextual link.","Existing inventory","Resource article","Family support","Live","","No - raw HTML orphan","Yes / present","","","","","No incoming link found in production raw HTML crawl; current remote source needs a complete prerendered resource directory or explicit contextual link.","What Does Enabler Mean in Addiction?","Learn what enabling means in addiction, why families do it, and how to support someone without protecting the addiction.","https://www.insightrecoverynetwork.com/resources/what-does-enabler-mean","index, follow","What Does Enabler Mean in Addiction?","ProfessionalService, PostalAddress, ContactPoint, WebSite, Article, Person, Organization, ImageObject, WebPage, FAQPage, Question, Answer, BreadcrumbList, ListItem, Country","","","","",""
"How to Help Someone With Addiction Without Enabling Them","/resources/help-someone-with-addiction-without-enabling","help someone with addiction without enabling","family support signs; risks; support; treatment options","Informational","Awareness","Family support","Relevant authority pillar; relevant treatment/cost/decision page; suitable assessment or enquiry route","Current navigation/cluster links; add reciprocal links as new cluster pages publish","Family support enquiry","P2","Existing","Low","No blocking metadata or status issue in the 28 August 2026 live crawl.","Existing inventory","Resource article","Family support","Live","","Partial / present","Yes / present","","","","","Monitor and refresh according to content risk and performance.","Help Someone With Addiction Without Enabling","Learn how to support someone with addiction without rescuing, covering up, giving money, or protecting harmful behaviour.","https://www.insightrecoverynetwork.com/resources/help-someone-with-addiction-without-enabling","index, follow","How to Help Someone With Addiction Without Enabling Them","ProfessionalService, PostalAddress, ContactPoint, WebSite, Article, Person, Organization, ImageObject, WebPage, FAQPage, Question, Answer, BreadcrumbList, ListItem, Country","","","","",""
"What to Do When Someone Refuses Addiction Treatment","/resources/what-to-do-when-someone-refuses-treatment","when someone refuses addiction treatment","treatment navigation signs; risks; support; treatment options","Informational","Awareness","Treatment navigation","Relevant authority pillar; relevant treatment/cost/decision page; suitable assessment or enquiry route","Current navigation/cluster links; add reciprocal links as new cluster pages publish","Assessment or suitable support enquiry","P2","Existing","Low","No blocking metadata or status issue in the 28 August 2026 live crawl.","Existing inventory","Resource article","Treatment navigation","Live","","Partial / present","Yes / present","","","","","Monitor and refresh according to content risk and performance.","When Someone Refuses Addiction Treatment","A practical guide for families when someone refuses rehab, detox, or addiction treatment, including boundaries, safety, and next steps.","https://www.insightrecoverynetwork.com/resources/what-to-do-when-someone-refuses-treatment","index, follow","What to Do When Someone Refuses Addiction Treatment","ProfessionalService, PostalAddress, ContactPoint, WebSite, Article, Person, Organization, ImageObject, WebPage, FAQPage, Question, Answer, BreadcrumbList, ListItem, Country","","","","",""
"How to Stage an Addiction Intervention in the UK","/resources/how-to-stage-addiction-intervention-uk","how to stage an addiction intervention uk","family support signs; risks; support; treatment options","Informational","Awareness","Family support","Relevant authority pillar; relevant treatment/cost/decision page; suitable assessment or enquiry route","Resource hub or parent hub plus at least two contextual cluster pages","Family support enquiry","P2","Existing","Low","No incoming link found in production raw HTML crawl; current remote source needs a complete prerendered resource directory or explicit contextual link.","Existing inventory","Resource article","Family support","Live","","No - raw HTML orphan","Yes / present","","","","","No incoming link found in production raw HTML crawl; current remote source needs a complete prerendered resource directory or explicit contextual link.","How to Stage an Addiction Intervention UK","Learn how addiction interventions really work, when they may help, what families should prepare, and why professional support matters.","https://www.insightrecoverynetwork.com/resources/how-to-stage-addiction-intervention-uk","index, follow","How to Stage an Addiction Intervention in the UK","ProfessionalService, PostalAddress, ContactPoint, WebSite, Article, Person, Organization, ImageObject, WebPage, FAQPage, Question, Answer, BreadcrumbList, ListItem, Country","","","","",""
"Family Boundaries in Addiction Recovery","/resources/family-boundaries-addiction-recovery","family boundaries in addiction recovery","family support signs; risks; support; treatment options","Informational","Awareness","Family support","Relevant authority pillar; relevant treatment/cost/decision page; suitable assessment or enquiry route","Current navigation/cluster links; add reciprocal links as new cluster pages publish","Family support enquiry","P2","Existing","Low","No blocking metadata or status issue in the 28 August 2026 live crawl.","Existing inventory","Resource article","Family support","Live","","Partial / present","Yes / present","","","","","Monitor and refresh according to content risk and performance.","Family Boundaries in Addiction Recovery","Learn how families can set clear, compassionate boundaries that support recovery without control, punishment, or enabling.","https://www.insightrecoverynetwork.com/resources/family-boundaries-addiction-recovery","index, follow","Family Boundaries in Addiction Recovery","ProfessionalService, PostalAddress, ContactPoint, WebSite, Article, Person, Organization, ImageObject, WebPage, FAQPage, Question, Answer, BreadcrumbList, ListItem, Country","","","","",""
"How to Talk to Someone About Their Drinking or Drug Use","/resources/how-to-talk-to-someone-about-drinking-drug-use","how to talk to someone about drinking or drug use","alcohol signs; risks; support; treatment options","Informational","Awareness","Alcohol","Relevant authority pillar; relevant treatment/cost/decision page; suitable assessment or enquiry route","Current navigation/cluster links; add reciprocal links as new cluster pages publish","Assessment or suitable support enquiry","P2","Existing","Low","No blocking metadata or status issue in the 28 August 2026 live crawl.","Existing inventory","Resource article","Alcohol","Live","","Partial / present","Yes / present","","","","","Monitor and refresh according to content risk and performance.","How to Talk to Someone About Drinking or Drug Use","Learn how to have a calm, honest conversation about drinking, drug use, or addiction without threats, shame, or escalation.","https://www.insightrecoverynetwork.com/resources/how-to-talk-to-someone-about-drinking-drug-use","index, follow","How to Talk to Someone About Their Drinking or Drug Use","ProfessionalService, PostalAddress, ContactPoint, WebSite, Article, Person, Organization, ImageObject, WebPage, FAQPage, Question, Answer, BreadcrumbList, ListItem, Country","","","","",""
"When Should a Family Consider Rehab for a Loved One?","/resources/when-should-family-consider-rehab","when should a family consider rehab?","family support signs; risks; support; treatment options","Informational","Awareness","Family support","Relevant authority pillar; relevant treatment/cost/decision page; suitable assessment or enquiry route","Current navigation/cluster links; add reciprocal links as new cluster pages publish","Family support enquiry","P2","Existing","Low","No blocking metadata or status issue in the 28 August 2026 live crawl.","Existing inventory","Resource article","Family support","Live","","Partial / present","Yes / present","","","","","Monitor and refresh according to content risk and performance.","When Should a Family Consider Rehab?","Understand the signs that a loved one may need rehab, detox, or treatment placement, and what families can do about it.","https://www.insightrecoverynetwork.com/resources/when-should-family-consider-rehab","index, follow","When Should a Family Consider Rehab for a Loved One?","ProfessionalService, PostalAddress, ContactPoint, WebSite, Article, Person, Organization, ImageObject, WebPage, FAQPage, Question, Answer, BreadcrumbList, ListItem, Country","","","","",""
"Relapse Meaning: What Relapse Really Means in Addiction Recovery","/resources/relapse-meaning","relapse meaning: signs, stages and what to do next","relapse prevention signs; risks; support; treatment options","Informational","Awareness","Relapse prevention","Relevant authority pillar; relevant treatment/cost/decision page; suitable assessment or enquiry route","Resource hub or parent hub plus at least two contextual cluster pages","Assessment or suitable support enquiry","P2","Existing","Low","No incoming link found in production raw HTML crawl; current remote source needs a complete prerendered resource directory or explicit contextual link.","Existing inventory","Resource article","Relapse prevention","Live","","No - raw HTML orphan","Yes / present","","","","","No incoming link found in production raw HTML crawl; current remote source needs a complete prerendered resource directory or explicit contextual link.","Relapse Meaning: Signs, Stages and What to Do Next","What relapse means in addiction recovery, its emotional, mental and physical stages, warning signs and what to do next without shame or delay.","https://www.insightrecoverynetwork.com/resources/relapse-meaning","index, follow","Relapse Meaning: What Relapse Really Means in Addiction Recovery","ProfessionalService, PostalAddress, ContactPoint, WebSite, Article, Person, Organization, ImageObject, WebPage, FAQPage, Question, Answer, BreadcrumbList, ListItem, Country","","","","",""
"Relapsing Does Not Mean You Have Failed","/resources/relapsing-does-not-mean-you-have-failed","relapsing does not mean you have failed","general recovery signs; risks; support; treatment options","Informational","Awareness","General recovery","Relevant authority pillar; relevant treatment/cost/decision page; suitable assessment or enquiry route","Resource hub or parent hub plus at least two contextual cluster pages","Assessment or suitable support enquiry","P2","Existing","Low","No incoming link found in production raw HTML crawl; current remote source needs a complete prerendered resource directory or explicit contextual link.","Existing inventory","Resource article","General recovery","Live","","No - raw HTML orphan","Yes / present","","","","","No incoming link found in production raw HTML crawl; current remote source needs a complete prerendered resource directory or explicit contextual link.","Relapsing Does Not Mean You Have Failed","Relapse is serious, but it does not mean recovery has failed. Learn how to respond, reset, and rebuild support quickly.","https://www.insightrecoverynetwork.com/resources/relapsing-does-not-mean-you-have-failed","index, follow","Relapsing Does Not Mean You Have Failed","ProfessionalService, PostalAddress, ContactPoint, WebSite, Article, Person, Organization, ImageObject, WebPage, FAQPage, Question, Answer, BreadcrumbList, ListItem, Country","","","","",""
"Slip, Lapse and Relapse: What Is the Difference?","/resources/slip-lapse-relapse-difference","slip vs lapse vs relapse: what is the difference?","relapse prevention signs; risks; support; treatment options","Commercial investigation","Consideration","Relapse prevention","Relevant authority pillar; relevant treatment/cost/decision page; suitable assessment or enquiry route","Resource hub or parent hub plus at least two contextual cluster pages","Assessment or suitable support enquiry","P2","Existing","Low","No incoming link found in production raw HTML crawl; current remote source needs a complete prerendered resource directory or explicit contextual link.","Existing inventory","Resource article","Relapse prevention","Live","","No - raw HTML orphan","Yes / present","","","","","No incoming link found in production raw HTML crawl; current remote source needs a complete prerendered resource directory or explicit contextual link.","Slip vs Lapse vs Relapse: What Is the Difference?","A slip is brief; relapse is a sustained return to old patterns. Learn the practical differences, warning signs and how to respond quickly.","https://www.insightrecoverynetwork.com/resources/slip-lapse-relapse-difference","index, follow","Slip, Lapse and Relapse: What Is the Difference?","ProfessionalService, PostalAddress, ContactPoint, WebSite, Article, Person, Organization, ImageObject, WebPage, FAQPage, Question, Answer, BreadcrumbList, ListItem, Country","","","","",""
"Why Relapse Happens Before the Substance Is Used","/resources/why-relapse-happens-before-substance-use","why relapse starts before substance use","relapse prevention signs; risks; support; treatment options","Informational","Awareness","Relapse prevention","Relevant authority pillar; relevant treatment/cost/decision page; suitable assessment or enquiry route","Current navigation/cluster links; add reciprocal links as new cluster pages publish","Assessment or suitable support enquiry","P2","Existing","Low","No blocking metadata or status issue in the 28 August 2026 live crawl.","Existing inventory","Resource article","Relapse prevention","Live","","Partial / present","Yes / present","","","","","Monitor and refresh according to content risk and performance.","Why Relapse Starts Before Substance Use","Relapse often begins before drinking, drug use, or addictive behaviour. Learn the emotional and mental stages that come first.","https://www.insightrecoverynetwork.com/resources/why-relapse-happens-before-substance-use","index, follow","Why Relapse Happens Before the Substance Is Used","ProfessionalService, PostalAddress, ContactPoint, WebSite, Article, Person, Organization, ImageObject, WebPage, FAQPage, Question, Answer, BreadcrumbList, ListItem, Country","","","","",""
"Relapse Prevention Plan: What Should Actually Be Included?","/resources/relapse-prevention-plan","relapse prevention plan: what to include","relapse prevention signs; risks; support; treatment options","Informational","Awareness","Relapse prevention","Relevant authority pillar; relevant treatment/cost/decision page; suitable assessment or enquiry route","Resource hub or parent hub plus at least two contextual cluster pages","Assessment or suitable support enquiry","P2","Existing","Low","No incoming link found in production raw HTML crawl; current remote source needs a complete prerendered resource directory or explicit contextual link.","Existing inventory","Resource article","Relapse prevention","Live","","No - raw HTML orphan","Yes / present","","","","","No incoming link found in production raw HTML crawl; current remote source needs a complete prerendered resource directory or explicit contextual link.","Relapse Prevention Plan: What to Include","Learn what a relapse prevention plan should include, from warning signs and triggers to support, structure, and clear action steps.","https://www.insightrecoverynetwork.com/resources/relapse-prevention-plan","index, follow","Relapse Prevention Plan: What Should Actually Be Included?","ProfessionalService, PostalAddress, ContactPoint, WebSite, Article, Person, Organization, ImageObject, WebPage, FAQPage, Question, Answer, BreadcrumbList, ListItem, Country","","","","",""
"Addiction Warning Signs: How to Spot Relapse Risk Early","/resources/addiction-warning-signs","addiction warning signs: spot relapse risk early","relapse prevention signs; risks; support; treatment options","Informational","Awareness","Relapse prevention","Relevant authority pillar; relevant treatment/cost/decision page; suitable assessment or enquiry route","Current navigation/cluster links; add reciprocal links as new cluster pages publish","Assessment or suitable support enquiry","P2","Existing","Low","No blocking metadata or status issue in the 28 August 2026 live crawl.","Existing inventory","Resource article","Relapse prevention","Live","","Partial / present","Yes / present","","","","","Monitor and refresh according to content risk and performance.","Addiction Warning Signs: Spot Relapse Risk Early","Learn how to spot early addiction warning signs, identify relapse risk, and respond before things escalate, for yourself or a loved one.","https://www.insightrecoverynetwork.com/resources/addiction-warning-signs","index, follow","Addiction Warning Signs: How to Spot Relapse Risk Early","ProfessionalService, PostalAddress, ContactPoint, WebSite, Article, Person, Organization, ImageObject, WebPage, FAQPage, Question, Answer, BreadcrumbList, ListItem, Country","","","","",""
"What to Do After a Relapse","/resources/what-to-do-after-relapse","what to do after a relapse","relapse prevention signs; risks; support; treatment options","Informational","Awareness","Relapse prevention","Relevant authority pillar; relevant treatment/cost/decision page; suitable assessment or enquiry route","Resource hub or parent hub plus at least two contextual cluster pages","Assessment or suitable support enquiry","P2","Existing","Low","No incoming link found in production raw HTML crawl; current remote source needs a complete prerendered resource directory or explicit contextual link.","Existing inventory","Resource article","Relapse prevention","Live","","No - raw HTML orphan","Yes / present","","","","","No incoming link found in production raw HTML crawl; current remote source needs a complete prerendered resource directory or explicit contextual link.","What to Do After a Relapse","A calm, practical guide to what to do after a relapse: stay safe, reduce harm, rebuild support, and get back on track quickly.","https://www.insightrecoverynetwork.com/resources/what-to-do-after-relapse","index, follow","What to Do After a Relapse","ProfessionalService, PostalAddress, ContactPoint, WebSite, Article, Person, Organization, ImageObject, WebPage, FAQPage, Question, Answer, BreadcrumbList, ListItem, Country","","","","",""
"How Structured Recovery Support Helps Prevent Relapse","/resources/how-structured-support-prevents-relapse","how structured recovery support prevents relapse","relapse prevention signs; risks; support; treatment options","Informational","Awareness","Relapse prevention","Relevant authority pillar; relevant treatment/cost/decision page; suitable assessment or enquiry route","Resource hub or parent hub plus at least two contextual cluster pages","Assessment or suitable support enquiry","P2","Existing","Low","No incoming link found in production raw HTML crawl; current remote source needs a complete prerendered resource directory or explicit contextual link.","Existing inventory","Resource article","Relapse prevention","Live","","No - raw HTML orphan","Yes / present","","","","","No incoming link found in production raw HTML crawl; current remote source needs a complete prerendered resource directory or explicit contextual link.","How Structured Recovery Support Prevents Relapse","Learn how routine, accountability, groups, one-to-one support, and recovery planning work together to reduce relapse risk.","https://www.insightrecoverynetwork.com/resources/how-structured-support-prevents-relapse","index, follow","How Structured Recovery Support Helps Prevent Relapse","ProfessionalService, PostalAddress, ContactPoint, WebSite, Article, Person, Organization, ImageObject, WebPage, FAQPage, Question, Answer, BreadcrumbList, ListItem, Country","","","","",""
"Alcohol Detox and Withdrawal: When Medical Help Is Needed","/resources/alcohol-withdrawal-symptoms-when-you-need-medical-help","alcohol detox","alcohol withdrawal; medical alcohol detox; assisted withdrawal; home detox safety","Informational safety","Awareness","/resources/addiction-detox-uk","/assessments/alcohol-detox; /alcohol-addiction-treatment; /resources/detox-vs-rehab; /treatment-placement","Alcohol pillar; detox hub; treatment page; assessments; resource hub","Medical-provider navigation","P1","Improve","High","Batch 2 preserves the indexed URL, expands it to own alcohol detox and withdrawal safety intent, adds current official sources, emergency boundaries and no self-detox protocol.","Existing inventory","Supporting resource","Alcohol detox","Branch-ready","2026-08-28","Yes","Yes","","","","","Deploy the improved route; do not create /resources/alcohol-detox or alter the legacy /alcohol-detox redirect.","Alcohol Detox & Withdrawal: UK Safety Guide | IRN","Learn when alcohol detox needs medical support, which withdrawal signs are urgent, how settings differ and what continuing treatment should follow.","https://www.insightrecoverynetwork.com/resources/alcohol-withdrawal-symptoms-when-you-need-medical-help","index, follow","Alcohol Detox and Withdrawal: When Medical Help Is Needed","ProfessionalService, WebSite, Article, Person, Organization, ImageObject, WebPage, MedicalWebPage, MedicalAudience, FAQPage, BreadcrumbList","Implemented: alcohol-withdrawal-safety-uk-hero.webp (1600x900 WebP; 92 KB)","New assessment/setting supporting image still required; no generic substitute used","Complete - brief 7; supplied hero accepted; supporting image outstanding","Hero ALT implemented literally; supporting-image ALT remains pending with its asset","Implemented: alcohol-withdrawal-safety-uk-og.webp (1200x630; 60 KB)"
"How Long Does Alcohol Stay in Your System?","/resources/how-long-does-alcohol-stay-in-your-system","how long does alcohol stay in your system?","alcohol signs; risks; support; treatment options","Informational","Awareness","Alcohol","Relevant authority pillar; relevant treatment/cost/decision page; suitable assessment or enquiry route","Resource hub or parent hub plus at least two contextual cluster pages","Assessment or suitable support enquiry","P2","Existing","Low","No incoming link found in production raw HTML crawl; current remote source needs a complete prerendered resource directory or explicit contextual link.","Existing inventory","Resource article","Alcohol","Live","","No - raw HTML orphan","Yes / present","","","","","No incoming link found in production raw HTML crawl; current remote source needs a complete prerendered resource directory or explicit contextual link.","How Long Does Alcohol Stay in Your System?","How long alcohol stays in your blood, breath, urine, and hair, what affects it, and why you cannot rely on it to judge if you are safe to drive.","https://www.insightrecoverynetwork.com/resources/how-long-does-alcohol-stay-in-your-system","index, follow","How Long Does Alcohol Stay in Your System?","ProfessionalService, PostalAddress, ContactPoint, WebSite, Article, Person, Organization, ImageObject, WebPage, FAQPage, Question, Answer, BreadcrumbList, ListItem, Country","","","","",""
"Can I Stop Drinking Without Rehab?","/resources/can-i-stop-drinking-without-rehab","can i stop drinking without rehab?","alcohol signs; risks; support; treatment options","Informational","Awareness","Alcohol","Relevant authority pillar; relevant treatment/cost/decision page; suitable assessment or enquiry route","Resource hub or parent hub plus at least two contextual cluster pages","Assessment or suitable support enquiry","P2","Existing","Low","No incoming link found in production raw HTML crawl; current remote source needs a complete prerendered resource directory or explicit contextual link.","Existing inventory","Resource article","Alcohol","Live","","No - raw HTML orphan","Yes / present","","","","","No incoming link found in production raw HTML crawl; current remote source needs a complete prerendered resource directory or explicit contextual link.","Can I Stop Drinking Without Rehab?","Yes, many people stop drinking without rehab, but not everyone can do it safely. Learn who can, who needs medical help, and what stopping really takes.","https://www.insightrecoverynetwork.com/resources/can-i-stop-drinking-without-rehab","index, follow","Can I Stop Drinking Without Rehab?","ProfessionalService, PostalAddress, ContactPoint, WebSite, Article, Person, Organization, ImageObject, WebPage, FAQPage, Question, Answer, BreadcrumbList, ListItem, Country","","","","",""
"Do I Need Alcohol Rehab or Online Support?","/resources/do-i-need-alcohol-rehab-or-online-support","do i need alcohol rehab or online support?","alcohol signs; risks; support; treatment options","Commercial investigation","Consideration","Alcohol","Relevant authority pillar; relevant treatment/cost/decision page; suitable assessment or enquiry route","Resource hub or parent hub plus at least two contextual cluster pages","Assessment or suitable support enquiry","P2","Existing","Low","No incoming link found in production raw HTML crawl; current remote source needs a complete prerendered resource directory or explicit contextual link.","Existing inventory","Resource article","Alcohol","Live","","No - raw HTML orphan","Yes / present","","","","","No incoming link found in production raw HTML crawl; current remote source needs a complete prerendered resource directory or explicit contextual link.","Do I Need Alcohol Rehab or Online Support?","Not sure whether you need residential rehab or online recovery support? Learn the signs that point to each, and how to choose the right level of help.","https://www.insightrecoverynetwork.com/resources/do-i-need-alcohol-rehab-or-online-support","index, follow","Do I Need Alcohol Rehab or Online Support?","ProfessionalService, PostalAddress, ContactPoint, WebSite, Article, Person, Organization, ImageObject, WebPage, FAQPage, Question, Answer, BreadcrumbList, ListItem, Country","","","","",""
"Private Alcohol Rehab UK: Costs, Options and Alternatives","/resources/private-alcohol-rehab-uk-costs-options-alternatives","private alcohol rehab cost uk: options & alternatives","alcohol signs; risks; support; treatment options","Commercial investigation","Consideration","Alcohol","Relevant authority pillar; relevant treatment/cost/decision page; suitable assessment or enquiry route","Resource hub or parent hub plus at least two contextual cluster pages","Assessment or suitable support enquiry","P2","Existing","Low","No incoming link found in production raw HTML crawl; current remote source needs a complete prerendered resource directory or explicit contextual link.","Existing inventory","Resource article","Alcohol","Live","","No - raw HTML orphan","Yes / present","","","","","No incoming link found in production raw HTML crawl; current remote source needs a complete prerendered resource directory or explicit contextual link.","Private Alcohol Rehab Cost UK: Options & Alternatives","Private alcohol rehab costs in the UK, including detox risk, what quotes should include, programme length and alcohol-specific NHS, online and overseas options.","https://www.insightrecoverynetwork.com/resources/private-alcohol-rehab-uk-costs-options-alternatives","index, follow","Private Alcohol Rehab UK: Costs, Options and Alternatives","ProfessionalService, PostalAddress, ContactPoint, WebSite, Article, Person, Organization, ImageObject, WebPage, FAQPage, Question, Answer, BreadcrumbList, ListItem, Country","","","","",""
"Alcohol Rehab Alternatives UK: What Are Your Options?","/resources/alcohol-rehab-alternatives-uk","alcohol rehab alternatives uk: what are your options?","alcohol signs; risks; support; treatment options","Informational","Awareness","Alcohol","Relevant authority pillar; relevant treatment/cost/decision page; suitable assessment or enquiry route","Resource hub or parent hub plus at least two contextual cluster pages","Assessment or suitable support enquiry","P2","Existing","Low","No incoming link found in production raw HTML crawl; current remote source needs a complete prerendered resource directory or explicit contextual link.","Existing inventory","Resource article","Alcohol","Live","","No - raw HTML orphan","Yes / present","","","","","No incoming link found in production raw HTML crawl; current remote source needs a complete prerendered resource directory or explicit contextual link.","Alcohol Rehab Alternatives UK: What Are Your Options?","A clear guide to alcohol rehab alternatives in the UK, from online programmes and outpatient care to therapy, peer support, and international options.","https://www.insightrecoverynetwork.com/resources/alcohol-rehab-alternatives-uk","index, follow","Alcohol Rehab Alternatives UK: What Are Your Options?","ProfessionalService, PostalAddress, ContactPoint, WebSite, Article, Person, Organization, ImageObject, WebPage, FAQPage, Question, Answer, BreadcrumbList, ListItem, Country","","","","",""
"Online Alcohol Recovery Programme UK: How It Works and Who It Helps","/resources/online-alcohol-recovery-programme-uk","online alcohol recovery programme uk: how it works","alcohol signs; risks; support; treatment options","Informational","Awareness","Alcohol","Relevant authority pillar; relevant treatment/cost/decision page; suitable assessment or enquiry route","Resource hub or parent hub plus at least two contextual cluster pages","Assessment or suitable support enquiry","P2","Existing","Low","No incoming link found in production raw HTML crawl; current remote source needs a complete prerendered resource directory or explicit contextual link.","Existing inventory","Resource article","Alcohol","Live","","No - raw HTML orphan","Yes / present","","","","","No incoming link found in production raw HTML crawl; current remote source needs a complete prerendered resource directory or explicit contextual link.","Online Alcohol Recovery Programme UK: How It Works","How an online alcohol recovery programme works, what is included, and who it helps, a structured, affordable alternative to residential rehab.","https://www.insightrecoverynetwork.com/resources/online-alcohol-recovery-programme-uk","index, follow","Online Alcohol Recovery Programme UK: How It Works and Who It Helps","ProfessionalService, PostalAddress, ContactPoint, WebSite, Article, Person, Organization, ImageObject, WebPage, FAQPage, Question, Answer, BreadcrumbList, ListItem, Country","","","","",""
"Private Rehab vs NHS Addiction Treatment: What Is the Difference?","/resources/private-rehab-vs-nhs-addiction-treatment","private rehab vs nhs addiction treatment: what is the difference?","treatment navigation signs; risks; support; treatment options","Commercial investigation","Consideration","Treatment navigation","Relevant authority pillar; relevant treatment/cost/decision page; suitable assessment or enquiry route","Current navigation/cluster links; add reciprocal links as new cluster pages publish","Assessment or suitable support enquiry","P2","Existing","Low","Meta description is 202 characters; shorten without losing decision value.","Existing inventory","Resource article","Treatment navigation","Live","","Partial / present","Yes / present","","","","","Meta description is 202 characters; shorten without losing decision value.","Private Rehab vs NHS Addiction Treatment: What Is the Difference?","Compare private rehab and NHS addiction treatment in the UK, including access, cost, detox, confidentiality, aftercare and support, and understand which route may be more appropriate for your situation.","https://www.insightrecoverynetwork.com/resources/private-rehab-vs-nhs-addiction-treatment","index, follow","Private Rehab vs NHS Addiction Treatment: What Is the Difference?","ProfessionalService, PostalAddress, ContactPoint, WebSite, Article, Person, Organization, ImageObject, WebPage, FAQPage, Question, Answer, BreadcrumbList, ListItem, Country","","","","",""
"How to Choose the Right Private Rehab Centre in the UK","/resources/how-to-choose-private-rehab-centre-uk","how to choose a private rehab centre uk: 12 checks","treatment navigation signs; risks; support; treatment options","Commercial investigation","Consideration","Treatment navigation","Relevant authority pillar; relevant treatment/cost/decision page; suitable assessment or enquiry route","Current navigation/cluster links; add reciprocal links as new cluster pages publish","Assessment or suitable support enquiry","P2","Existing","Low","No blocking metadata or status issue in the 28 August 2026 live crawl.","Existing inventory","Resource article","Treatment navigation","Live","","Partial / present","Yes / present","","","","","Monitor and refresh according to content risk and performance.","How to Choose a Private Rehab Centre UK: 12 Checks","Compare private rehab centres in the UK using 12 checks covering detox safety, therapy, mental health, family work, costs, aftercare and regulation.","https://www.insightrecoverynetwork.com/resources/how-to-choose-private-rehab-centre-uk","index, follow","How to Choose the Right Private Rehab Centre in the UK","ProfessionalService, PostalAddress, ContactPoint, WebSite, Article, Person, Organization, ImageObject, WebPage, FAQPage, Question, Answer, BreadcrumbList, ListItem, Country","","","","",""
"Why Can't I Stop, Even When I Want To? Understanding How Addiction Actually Works","/resources/why-cant-i-stop-how-addiction-works","why can't i stop? how addiction overrides willpower","relapse prevention signs; risks; support; treatment options","Informational","Awareness","Relapse prevention","Relevant authority pillar; relevant treatment/cost/decision page; suitable assessment or enquiry route","Current navigation/cluster links; add reciprocal links as new cluster pages publish","Assessment or suitable support enquiry","P2","Existing","Low","No blocking metadata or status issue in the 28 August 2026 live crawl.","Existing inventory","Resource article","Relapse prevention","Live","","Partial / present","Yes / present","","","","","Monitor and refresh according to content risk and performance.","Why Can't I Stop? How Addiction Overrides Willpower","Why addiction can continue despite sincere attempts to stop, how craving and relief cycles work, and what support can interrupt the pattern.","https://www.insightrecoverynetwork.com/resources/why-cant-i-stop-how-addiction-works","index, follow","Why Can't I Stop, Even When I Want To? Understanding How Addiction Actually Works","ProfessionalService, PostalAddress, ContactPoint, WebSite, Article, Person, Organization, ImageObject, WebPage, BreadcrumbList, ListItem, Country","","","","",""
"Understanding Alcohol Dependency: Signs, Stages and What to Do Next","/resources/understanding-alcohol-dependency","alcohol dependency: signs, stages and safe next steps","alcohol signs; risks; support; treatment options","Informational","Awareness","Alcohol","Relevant authority pillar; relevant treatment/cost/decision page; suitable assessment or enquiry route","Current navigation/cluster links; add reciprocal links as new cluster pages publish","Assessment or suitable support enquiry","P1","Improve","Medium","No blocking metadata or status issue in the 28 August 2026 live crawl.","Existing inventory","Resource article","Alcohol","Live","","Partial / present","Yes / present","","","","","Monitor and refresh according to content risk and performance.","Alcohol Dependency: Signs, Stages and Safe Next Steps","Understand alcohol dependency, including early and severe signs, tolerance, withdrawal risk and when to seek detox, residential or online support.","https://www.insightrecoverynetwork.com/resources/understanding-alcohol-dependency","index, follow","Understanding Alcohol Dependency: Signs, Stages and What to Do Next","ProfessionalService, PostalAddress, ContactPoint, WebSite, Article, Person, Organization, ImageObject, WebPage, BreadcrumbList, ListItem, Country","","","","",""
"Managing Relapse: Why It Is Part of Recovery, Not the End of It","/resources/managing-relapse-part-of-recovery","managing relapse: why it is part of recovery, not the end of it","relapse prevention signs; risks; support; treatment options","Informational","Awareness","Relapse prevention","Relevant authority pillar; relevant treatment/cost/decision page; suitable assessment or enquiry route","Current navigation/cluster links; add reciprocal links as new cluster pages publish","Assessment or suitable support enquiry","P2","Existing","Low","No blocking metadata or status issue in the 28 August 2026 live crawl.","Existing inventory","Resource article","Relapse prevention","Live","","Partial / present","Yes / present","","","","","Monitor and refresh according to content risk and performance.","Managing Relapse: Why It Is Part of Recovery, Not the End of It","Relapse is one of the most misunderstood aspects of addiction. Understanding it clinically, rather than morally, changes everything about how we respond to it.","https://www.insightrecoverynetwork.com/resources/managing-relapse-part-of-recovery","index, follow","Managing Relapse: Why It Is Part of Recovery, Not the End of It","ProfessionalService, PostalAddress, ContactPoint, WebSite, Article, Person, Organization, ImageObject, WebPage, BreadcrumbList, ListItem, Country","","","","",""
"Supporting a Loved One Through Recovery: What Helps and What Does Not","/resources/supporting-a-loved-one-through-recovery","supporting a loved one through recovery: what helps and what does not","family support signs; risks; support; treatment options","Informational","Awareness","Family support","Relevant authority pillar; relevant treatment/cost/decision page; suitable assessment or enquiry route","Current navigation/cluster links; add reciprocal links as new cluster pages publish","Family support enquiry","P2","Existing","Low","Title is 69 characters; review SERP truncation and keyword focus. Meta description is 188 characters; shorten without losing decision value.","Existing inventory","Resource article","Family support","Live","","Partial / present","Yes / present","","","","","Title is 69 characters; review SERP truncation and keyword focus. Meta description is 188 characters; shorten without losing decision value.","Supporting a Loved One Through Recovery: What Helps and What Does Not","Watching someone you care about struggle with addiction is one of the most distressing experiences a family can face. Knowing how to respond, and what to avoid, can make a real difference.","https://www.insightrecoverynetwork.com/resources/supporting-a-loved-one-through-recovery","index, follow","Supporting a Loved One Through Recovery: What Helps and What Does Not","ProfessionalService, PostalAddress, ContactPoint, WebSite, Article, Person, Organization, ImageObject, WebPage, BreadcrumbList, ListItem, Country","","","","",""
"Online Addiction Support vs Residential Rehab: Which Is More Effective?","/resources/online-addiction-support-vs-residential-rehab","online addiction support vs residential rehab uk: which is right?","online recovery signs; risks; support; treatment options","Commercial investigation","Consideration","Online recovery","Relevant authority pillar; relevant treatment/cost/decision page; suitable assessment or enquiry route","Current navigation/cluster links; add reciprocal links as new cluster pages publish","Assessment or suitable support enquiry","P2","Existing","Low","No blocking metadata or status issue in the 28 August 2026 live crawl.","Existing inventory","Resource article","Online recovery","Live","","Partial / present","Yes / present","","","","","Monitor and refresh according to content risk and performance.","Online Addiction Support vs Residential Rehab UK: Which Is Right?","Online addiction support or residential rehab? A clinically informed UK guide to choosing the right level of care based on risk, fit, and recovery needs.","https://www.insightrecoverynetwork.com/resources/online-addiction-support-vs-residential-rehab","index, follow","Online Addiction Support vs Residential Rehab: Which Is More Effective?","ProfessionalService, PostalAddress, ContactPoint, WebSite, Article, Person, Organization, ImageObject, WebPage, FAQPage, Question, Answer, BreadcrumbList, ListItem, Country","","","","",""
"Why Willpower Is Not a Recovery Plan","/resources/why-willpower-is-not-a-recovery-plan","why willpower is not a recovery plan","relapse prevention signs; risks; support; treatment options","Informational","Awareness","Relapse prevention","Relevant authority pillar; relevant treatment/cost/decision page; suitable assessment or enquiry route","Current navigation/cluster links; add reciprocal links as new cluster pages publish","Assessment or suitable support enquiry","P2","Existing","Low","Title is 68 characters; review SERP truncation and keyword focus.","Existing inventory","Resource article","Relapse prevention","Live","","Partial / present","Yes / present","","","","","Title is 68 characters; review SERP truncation and keyword focus.","Why Willpower Is Not a Recovery Plan | Addiction Recovery Support UK","Willpower alone is rarely enough for lasting addiction recovery. Learn why structure, support, relapse prevention planning and emotional regulation matter.","https://www.insightrecoverynetwork.com/resources/why-willpower-is-not-a-recovery-plan","index, follow","Why Willpower Is Not a Recovery Plan","ProfessionalService, PostalAddress, ContactPoint, WebSite, Article, Person, Organization, ImageObject, WebPage, BreadcrumbList, ListItem, Country","","","","",""
"Alcohol Addiction Treatment UK","/alcohol-addiction-treatment","alcohol addiction treatment","alcohol treatment UK; alcohol rehab; alcohol recovery support; alcohol detox assessment","Transactional","Decision","/resources/understanding-alcohol-dependency","/resources/understanding-alcohol-dependency; /resources/addiction-detox-uk; /assessments/alcohol-detox; /private-rehab-uk; /online-programme","Alcohol pillar; detox pillar; alcohol assessment; treatment hub","Alcohol treatment enquiry","P1","New","High","First batch. Commercial selection page; avoid duplicating the dependency pillar or claiming IRN provides detox.","Phase 1","Commercial treatment page","Alcohol","Implemented - awaiting deployment","2026-08-28","Yes","Yes","","","","","First batch. Commercial selection page; avoid duplicating the dependency pillar or claiming IRN provides detox.","","","","","","","","","","",""
"Cocaine Addiction Treatment UK","/cocaine-addiction-treatment","cocaine addiction treatment","cocaine rehab UK; cocaine recovery programme; cocaine therapy; cocaine assessment","Transactional","Decision","/resources/cocaine-addiction","/resources/cocaine-addiction; /assessments/drug-use; /online-programme; /private-rehab-uk","Cocaine pillar; drug assessment; treatment hub; rehab pages","Cocaine treatment enquiry","P1","New","Medium","First batch. Emphasise assessment, psychosocial treatment, severity and setting choice rather than duplicating signs/risks.","Phase 1","Commercial treatment page","Cocaine","Implemented - awaiting deployment","2026-08-28","Yes","Yes","","","","","First batch. Emphasise assessment, psychosocial treatment, severity and setting choice rather than duplicating signs/risks.","","","","","","","","","","",""
"Cannabis Addiction Treatment UK","/cannabis-addiction-treatment","cannabis addiction treatment","cannabis dependence treatment; cannabis rehab; online cannabis recovery; cannabis assessment","Transactional","Decision","/resources/cannabis-addiction","/resources/cannabis-addiction; /assessments/drug-use; /online-programme; /private-rehab-uk","Cannabis pillar; drug assessment; treatment hub","Cannabis treatment enquiry","P1","New","Medium","First batch. Explain when online/community care may fit and when mental-health complexity may require specialist care.","Phase 1","Commercial treatment page","Cannabis","Implemented - awaiting deployment","2026-08-28","Yes","Yes","","","","","First batch. Explain when online/community care may fit and when mental-health complexity may require specialist care.","","","","","","","","","","",""
"Ketamine Addiction Treatment UK","/ketamine-addiction-treatment","ketamine addiction treatment","ketamine rehab UK; ketamine bladder treatment pathway; ketamine recovery support","Transactional","Decision","/resources/ketamine-addiction","/resources/ketamine-addiction; /assessments/drug-use; /private-rehab-uk; /online-programme","Ketamine pillar; drug assessment; treatment hub","Ketamine treatment enquiry","P1","New","Medium","First batch. Separate addiction support from urgent medical/urology assessment and do not imply IRN treats bladder injury.","Phase 1","Commercial treatment page","Ketamine","Implemented - awaiting deployment","2026-08-28","Yes","Yes","","","","","First batch. Separate addiction support from urgent medical/urology assessment and do not imply IRN treats bladder injury.","","","","","","","","","","",""
"Benzodiazepine Addiction and Dependence Treatment UK","/benzodiazepine-addiction-treatment","benzodiazepine addiction treatment","benzodiazepine dependence treatment; benzo rehab; prescribed medicine withdrawal support","Transactional","Decision","/resources/benzodiazepine-addiction","/resources/benzodiazepine-addiction; /assessments/detox; /treatment-placement; /private-rehab-uk","Benzodiazepine pillar; detox assessment; treatment hub","Medical-provider navigation and treatment enquiry","P1","New","High","First batch. No taper schedules or prescribing claims; withdrawal planning remains with qualified prescribers/providers.","Phase 1","Commercial treatment page","Benzodiazepines","Implemented - awaiting deployment","2026-08-28","Yes","Yes","","","","","First batch. No taper schedules or prescribing claims; withdrawal planning remains with qualified prescribers/providers.","","","","","","","","","","",""
"Dual Diagnosis Treatment UK","/dual-diagnosis-treatment","dual diagnosis treatment","mental health and addiction treatment; co-occurring disorders treatment; dual diagnosis rehab","Transactional","Decision","/resources/dual-diagnosis","/resources/dual-diagnosis; /resources/mental-health-and-addiction; /assessments; /private-rehab-uk","Dual-diagnosis pillars; assessment hub; treatment hub","Integrated-treatment placement enquiry","P1","New","Medium","First batch. Focus on integrated assessment and provider capability; do not diagnose readers.","Phase 1","Commercial treatment page","Dual diagnosis","Implemented - awaiting deployment","2026-08-28","Yes","Yes","","","","","First batch. Focus on integrated assessment and provider capability; do not diagnose readers.","","","","","","","","","","",""
"Opioid Addiction Treatment UK","/opioid-addiction-treatment","opioid addiction treatment","heroin treatment UK; prescription opioid dependence; opioid detox; residential rehab","Transactional","Decision","Future opioid authority pillar","/resources/opioid-addiction; /resources/opioid-detox; /assessments/detox; /treatment-placement","Future opioid pillar; detox cluster; treatment hub","Medical-provider navigation and treatment enquiry","P2","New","High","Publish only after the opioid authority pillar and named clinical review are ready.","Phase 1","Commercial treatment page","Opioids","Planned","","No","No","","","","","Publish only after the opioid authority pillar and named clinical review are ready.","","","","","","","","","","",""
"Prescription Drug Addiction Treatment UK","/prescription-drug-addiction-treatment","prescription drug addiction treatment","painkiller dependence; gabapentinoid dependence; Z-drug dependence; prescription medication withdrawal","Transactional","Decision","/resources/prescription-drug-addiction","/resources/prescription-drug-addiction; /resources/benzodiazepine-withdrawal; /resources/opioid-detox; /assessments/detox","Prescription-drug pillar; withdrawal guides; treatment hub","Medical-provider navigation and treatment enquiry","P2","New","High","The authority pillar is live in origin/main. Commercial publication still requires careful medicine-specific scope and clinical review; no individual withdrawal advice.","Phase 1","Commercial treatment page","Prescription drugs","Planned","2026-08-28","No","No","","","","","Assess query and enquiry evidence after the authority and withdrawal pages are indexed.","","","","","","","","","","",""
"Trauma and Addiction Treatment UK","/addiction-trauma-treatment","trauma and addiction treatment","trauma-informed addiction treatment; PTSD and addiction; dual diagnosis rehab","Transactional","Decision","Future trauma authority pillar","/resources/trauma-and-addiction; /dual-diagnosis-treatment; /treatment-placement","Future trauma pillar; dual-diagnosis pages; treatment hub","Suitable-provider placement enquiry","P2","New","Medium","Publish after authority content defines trauma-informed care and avoids implying every client needs trauma processing.","Phase 1","Commercial treatment page","Trauma","Planned","","No","No","","","","","Publish after authority content defines trauma-informed care and avoids implying every client needs trauma processing.","","","","","","","","","","",""
"ADHD and Addiction Treatment UK","/addiction-adhd-treatment","ADHD and addiction treatment","ADHD substance misuse; impulsivity and addiction; integrated ADHD addiction care","Transactional","Decision","Future ADHD authority pillar","/resources/adhd-and-addiction; /assessments/adhd-impulsivity; /dual-diagnosis-treatment","Future ADHD pillar; ADHD assessment; treatment hub","Integrated-treatment enquiry","P2","New","High","Requires diagnostic boundary, medication nuance and specialist clinical review.","Phase 1","Commercial treatment page","ADHD","Planned","","No","No","","","","","Requires diagnostic boundary, medication nuance and specialist clinical review.","","","","","","","","","","",""
"Alcohol Detox: When Medical Supervision Is Needed","/resources/alcohol-detox","alcohol detox","alcohol withdrawal; medical alcohol detox; assisted withdrawal; home alcohol detox","Informational safety","Awareness","/resources/addiction-detox-uk","/resources/alcohol-withdrawal-symptoms-when-you-need-medical-help; /assessments/alcohol-detox; /alcohol-addiction-treatment","Alcohol pillar; detox hub; treatment page; assessments","Medical-provider navigation","P1","Consolidated","High","Not created. Existing /resources/alcohol-withdrawal-symptoms-when-you-need-medical-help now owns this intent, while legacy /alcohol-detox continues its established redirect to /treatment-placement.","Phase 2","Supporting resource","Alcohol detox","Superseded","2026-08-28","N/A","N/A","","","","","Avoid this duplicate route unless future query evidence proves a distinct intent and redirect history has been reviewed.","","","","","","","","","","",""
"Benzodiazepine Withdrawal and Detox: A UK Safety Guide","/resources/benzodiazepine-withdrawal","benzodiazepine withdrawal","benzo detox; taper safety; prescribed benzodiazepine dependence","Informational safety","Awareness","/resources/benzodiazepine-addiction","/benzodiazepine-addiction-treatment; /assessments/detox; /resources/addiction-detox-uk","Benzodiazepine pillar; treatment page; detox hub; resource hub","Medical-provider navigation","P1","New","High","Implemented with prescriber-led planning, emergency boundaries and no schedules, dose advice or individual taper instructions.","Phase 2","Supporting resource","Benzodiazepines","Branch-ready","2026-08-28","Yes","Yes","","","","","Deploy after final clinical/editorial sign-off and monitor withdrawal and benzo detox queries.","Benzodiazepine Withdrawal & Detox UK | IRN","Understand benzodiazepine withdrawal risk, why sudden stopping can be unsafe, what assessment covers and how prescriber-led UK support works.","https://www.insightrecoverynetwork.com/resources/benzodiazepine-withdrawal","index, follow","Benzodiazepine Withdrawal and Detox: A UK Safety Guide","ProfessionalService, WebSite, Article, Person, Organization, ImageObject, WebPage, MedicalWebPage, MedicalAudience, FAQPage, BreadcrumbList","Implemented: benzodiazepine-withdrawal-uk-hero.webp (1600x900 WebP; 76 KB)","Implemented reuse: benzodiazepine-dependence-clinical-assessment.webp after the assessment section","Complete - brief 1; supplied hero accepted","Implemented: literal hero and supporting-image ALT text","Implemented: benzodiazepine-withdrawal-uk-og.webp (1200x630; 52 KB)"
"Opioid Detox and Withdrawal: UK Treatment and Safety","/resources/opioid-detox","opioid detox UK","heroin detox; opioid withdrawal; maintenance treatment; reduced tolerance","Informational safety","Awareness","/resources/addiction-detox-uk","/assessments/detox; /treatment-placement; NHS drug services","Detox hub; treatment placement; resource hub","Medical-provider navigation","P1","New","High","Implemented as a safety and service-navigation guide using current NICE, NHS and GOV.UK sources. Explains maintenance versus detox and loss of tolerance without prescribing instructions.","Phase 2","Supporting resource","Opioids","Branch-ready","2026-08-28","Yes","Yes","","","","","Deploy after final clinical/editorial sign-off; an opioid addiction authority pillar remains a Batch 3 priority.","Opioid Detox & Withdrawal UK: Safety Guide | IRN","Understand opioid detox, withdrawal, maintenance treatment, reduced tolerance and how qualified UK services plan safe continuing care.","https://www.insightrecoverynetwork.com/resources/opioid-detox","index, follow","Opioid Detox and Withdrawal: UK Treatment and Safety","ProfessionalService, WebSite, Article, Person, Organization, ImageObject, WebPage, MedicalWebPage, MedicalAudience, FAQPage, BreadcrumbList","Blocked: supplied Opioid detox.png rejected for prominent readable fabricated service signage; current generic hero retained","New planning image still required after the maintenance-versus-detox section","Complete - brief 2; compliant replacement master required","Not resolved: current ALT overstates the generic hero; replacement ALT awaits a compliant master","Blocked: supplied asset rejected; current reused detox OG retained"
"Cocaine Withdrawal: The Crash, Risks and Support","/resources/cocaine-withdrawal","cocaine withdrawal","cocaine crash; cocaine cravings; mental health support; early recovery","Informational safety","Awareness","/resources/cocaine-addiction","/cocaine-addiction-treatment; /assessments/drug-use; /resources/addiction-detox-uk","Cocaine pillar; treatment page; detox hub; resource hub","Assessment or treatment enquiry","P1","New","Medium","Implemented with urgent mental-health signposting and non-deterministic symptom guidance; it does not present a universal timeline or medical-detox claim.","Phase 2","Supporting resource","Cocaine","Branch-ready","2026-08-28","Yes","Yes","","","","","Deploy and monitor withdrawal, crash and cravings queries separately from addiction-treatment intent.","Cocaine Withdrawal: Crash, Risks & Support | IRN","Learn what cocaine withdrawal can feel like, which mental-health signs need urgent help and how UK treatment supports recovery after the crash.","https://www.insightrecoverynetwork.com/resources/cocaine-withdrawal","index, follow","Cocaine Withdrawal: The Crash, Risks and Support","ProfessionalService, WebSite, Article, Person, Organization, ImageObject, WebPage, MedicalWebPage, MedicalAudience, FAQPage, BreadcrumbList","Implemented: cocaine-withdrawal-uk-hero.webp (1600x900 WebP; 80 KB)","New early-recovery supporting image still required; no generic substitute used","Complete - brief 3; supplied hero accepted","Hero ALT implemented literally; supporting-image ALT remains pending with its asset","Implemented: cocaine-withdrawal-uk-og.webp (1200x630; 52 KB)"
"Cannabis Withdrawal: Symptoms, Timeline and Support","/resources/cannabis-withdrawal","cannabis withdrawal","cannabis withdrawal timeline; sleep; irritability; cravings","Informational","Awareness","/resources/cannabis-addiction","/cannabis-addiction-treatment; /assessments/drug-use; /online-programme","Cannabis pillar; treatment page","Assessment or online-support enquiry","P2","New","Medium","Avoid a rigid universal timeline; address co-occurring mental health and polysubstance use.","Phase 2","Supporting resource","Cannabis","Planned","","No","No","","","","","Avoid a rigid universal timeline; address co-occurring mental health and polysubstance use.","","","","","","","","","","",""
"Ketamine Withdrawal: Symptoms, Risks and Getting Help","/resources/ketamine-withdrawal","ketamine withdrawal","ketamine cravings; stopping ketamine; psychological withdrawal; ketamine bladder","Informational safety","Awareness","/resources/ketamine-addiction","/ketamine-addiction-treatment; /assessments/drug-use; /resources/addiction-detox-uk","Ketamine pillar; treatment page; detox hub; resource hub","Assessment or treatment enquiry","P1","New","Medium","Implemented with addiction support separated from medical assessment for urinary, abdominal and other physical symptoms.","Phase 2","Supporting resource","Ketamine","Branch-ready","2026-08-28","Yes","Yes","","","","","Deploy and monitor withdrawal intent while keeping bladder and physical-harm queries connected to clinical assessment.","Ketamine Withdrawal: Symptoms & UK Support | IRN","Learn what ketamine withdrawal can feel like, when bladder or abdominal symptoms need medical care and how UK recovery support is assessed.","https://www.insightrecoverynetwork.com/resources/ketamine-withdrawal","index, follow","Ketamine Withdrawal: Symptoms, Risks and Getting Help","ProfessionalService, WebSite, Article, Person, Organization, ImageObject, WebPage, MedicalWebPage, MedicalAudience, FAQPage, BreadcrumbList","Implemented: ketamine-withdrawal-uk-hero.webp (1600x900 WebP; 88 KB)","Implemented reuse: ketamine-uropathy-integrated-assessment.webp after the assessment section","Complete - brief 4; supplied hero accepted","Implemented: literal hero and supporting-image ALT text","Implemented: ketamine-withdrawal-uk-og.webp (1200x630; 56 KB)"
"Home Detox Safety: When It Is and Is Not Appropriate","/resources/home-detox-safety","home detox","detox at home; community detox; medical supervision; alcohol home detox","Informational safety","Awareness","/resources/addiction-detox-uk","/assessments/detox; /treatment-placement; substance withdrawal pages","Detox hub; assessments; treatment pages","Medical-provider navigation","P2","Consolidated","High","Not created in Batch 2. The detox hub, alcohol guide and substance-specific guides already distinguish planned external community care from unsafe self-detoxification.","Phase 2","Supporting resource","Detox","Covered by hub","2026-08-28","N/A","N/A","","","","","Reconsider only if Search Console shows distinct home-detox intent that cannot be answered by the existing cluster.","","","","","","","","","","",""
"When Is Medical Detox Necessary?","/resources/when-medical-detox-is-needed","when is medical detox necessary","withdrawal risk; assisted withdrawal; detox assessment; inpatient detox","Informational safety","Awareness","/resources/addiction-detox-uk","/assessments/detox; /alcohol-addiction-treatment; /benzodiazepine-addiction-treatment","Detox hub; treatment pages; assessment routes","Detox assessment or provider navigation","P2","Consolidated","High","Not created in Batch 2. The detox hub and detox-vs-rehab guide already answer setting and medical-supervision decisions without diagnosing readers.","Phase 2","Supporting resource","Detox","Covered by hub","2026-08-28","N/A","N/A","","","","","Reconsider only if query evidence proves a separate intent; avoid a near-duplicate safety page.","","","","","","","","","","",""
"Detox vs Rehab: What Is the Difference?","/resources/detox-vs-rehab","detox vs rehab","detoxification and rehabilitation; treatment after detox; residential rehab","Comparison","Consideration","/resources/addiction-detox-uk","/resources/what-happens-in-residential-rehabilitation; /treatment-placement; /how-much-does-rehab-cost-uk","Detox and residential pillars; treatment hub; cost page; resource hub","Treatment placement enquiry","P1","New","Medium","Implemented as a decision page distinguishing withdrawal management from continuing rehabilitation without absolute rules or IRN medical-provider claims.","Phase 2","Decision resource","Detox","Branch-ready","2026-08-28","Yes","Yes","","","","","Deploy and monitor comparison queries and assisted treatment-placement enquiries.","Detox vs Rehab: Differences and UK Options | IRN","Compare detox and rehab, when each is needed, how settings differ and what to check before choosing a UK withdrawal or residential service.","https://www.insightrecoverynetwork.com/resources/detox-vs-rehab","index, follow","Detox vs Rehab: What Is the Difference?","ProfessionalService, WebSite, Article, Person, Organization, ImageObject, WebPage, MedicalWebPage, MedicalAudience, FAQPage, BreadcrumbList","Implemented: detox-vs-rehab-uk-hero.webp (1600x900 WebP; 96 KB)","Not required - comparison table and page modules carry the explanation","Complete - brief 5; supplied hero accepted","Implemented: literal treatment-setting ALT text","Implemented: detox-vs-rehab-uk-og.webp (1200x630; 60 KB)"
"Cocaine Rehab Cost UK: What Changes the Price?","/resources/cocaine-rehab-cost-uk","cocaine rehab cost UK","cocaine treatment cost; private cocaine rehab; online cocaine recovery cost","Commercial investigation","Consideration","/resources/cocaine-addiction","/cocaine-addiction-treatment; /how-much-does-rehab-cost-uk","Cocaine pillar and treatment page; cost hub","Cocaine treatment enquiry","P2","New","Medium","Publish only with verified ranges or explain cost drivers without invented figures.","Phase 3","Decision resource","Cocaine cost","Planned","","No","No","","","","","Publish only with verified ranges or explain cost drivers without invented figures.","","","","","","","","","","",""
"Home Detox Cost UK: What a Safe Plan May Include","/resources/home-detox-cost-uk","home detox cost UK","community detox cost; medical detox fees; alcohol home detox cost","Commercial investigation","Decision","/resources/home-detox-safety","/resources/addiction-detox-uk; /assessments/detox","Detox hub; safety page; assessments","Medical-provider navigation","P2","New","High","Only publish with verified provider/NHS distinctions and no suggestion that IRN prescribes or supervises detox.","Phase 3","Decision resource","Detox cost","Planned","","No","No","","","","","Only publish with verified provider/NHS distinctions and no suggestion that IRN prescribes or supervises detox.","","","","","","","","","","",""
"UK vs Overseas Rehab Cost","/resources/uk-vs-overseas-rehab-cost","UK vs overseas rehab cost","rehab abroad cost; treatment length; flights; aftercare; total cost","Commercial investigation","Decision","/how-much-does-rehab-cost-uk","/destination-rehab; all country pages; /private-rehab-uk","Cost hub; international and UK pages","International placement enquiry","P1","New","Medium","Compare total pathway cost, not headline fees; include travel, medication, extensions and return-home care.","Phase 3","Decision resource","International cost","Planned","","No","No","","","","","Compare total pathway cost, not headline fees; include travel, medication, extensions and return-home care.","","","","","","","","","","",""
"Inpatient vs Outpatient Addiction Treatment","/resources/inpatient-vs-outpatient-addiction-treatment","inpatient vs outpatient addiction treatment","residential vs outpatient rehab; online recovery; level of care","Comparison","Consideration","Treatment decisions","/private-rehab-uk; /online-programme; /assessments","Residential and online pillars; treatment pages","Suitable-treatment enquiry","P1","New","Medium","Use assessment factors rather than a generic pros/cons list.","Phase 4","Decision resource","Treatment comparison","Planned","","No","No","","","","","Use assessment factors rather than a generic pros/cons list.","","","","","","","","","","",""
"28-Day vs 90-Day Rehab: How Duration Is Decided","/resources/28-day-vs-90-day-rehab","28 day vs 90 day rehab","rehab length; long-term rehab; treatment duration; cost","Comparison","Consideration","/resources/what-happens-in-residential-rehabilitation","/private-rehab-uk; /how-much-does-rehab-cost-uk; destination pages","Residential pillar; cost and destination pages","Treatment placement enquiry","P2","New","Medium","Do not imply a universal optimum; explain assessment, progress and aftercare.","Phase 4","Decision resource","Treatment comparison","Planned","","No","No","","","","","Do not imply a universal optimum; explain assessment, progress and aftercare.","","","","","","","","","","",""
"When Is Outpatient Addiction Treatment Appropriate?","/resources/when-outpatient-addiction-treatment-is-appropriate","when is outpatient addiction treatment appropriate","online recovery suitability; community treatment; residential indications","Decision support","Consideration","Treatment decisions","/online-programme; /private-rehab-alternative-uk; /assessments","Online pillar; treatment pages","Online or placement enquiry","P2","New","Medium","Include situations where outpatient care is not safe or sufficient.","Phase 4","Decision resource","Treatment comparison","Planned","","No","No","","","","","Include situations where outpatient care is not safe or sufficient.","","","","","","","","","","",""
"How Quickly Can Someone Enter Private Rehab?","/resources/how-quickly-can-someone-enter-rehab","how quickly can someone enter rehab","urgent rehab admission; same-day rehab; treatment assessment; detox placement","Transactional information","Decision","Treatment decisions","/treatment-placement; /get-help; /assessments/detox","Treatment hub; family/intervention page; substance pages","Urgent non-emergency placement enquiry","P1","New","Medium","Clarify that speed depends on assessment, medical stability, provider capacity, travel and payment; emergencies use 999/A&E.","Phase 4","Decision resource","Admission","Planned","","No","No","","","","","Clarify that speed depends on assessment, medical stability, provider capacity, travel and payment; emergencies use 999/A&E.","","","","","","","","","","",""
"UK Rehab vs Overseas Rehab","/resources/uk-rehab-vs-overseas-rehab","UK rehab vs overseas rehab","rehab abroad; treatment travel; family involvement; aftercare","Comparison","Decision","International placement","/private-rehab-uk; /destination-rehab; /resources/uk-vs-overseas-rehab-cost","Country pages; cost page; treatment hub","International placement enquiry","P1","New","Medium","Compare clinical fit, travel, family access, cost and return-home plan without tourism framing.","Phase 4","Decision resource","International comparison","Planned","","No","No","","","","","Compare clinical fit, travel, family access, cost and return-home plan without tourism framing.","","","","","","","","","","",""
"Addiction Treatment and Rehab Guidance in London","/addiction-help-london","rehab London","drug rehab London; alcohol rehab London; private rehab London; addiction treatment London","Local commercial","Decision","UK location hub","/treatment-placement; /private-rehab-uk; /online-programme; relevant NHS/community pathways","Future UK locations hub; treatment pages; relevant authority articles","Assessment or treatment placement enquiry","P1","New","High","Publish only with genuinely London-specific public pathways, travel considerations and admission context; no city-name substitution.","Phase 5","UK location page","London","Planned","","No","No","","","","","Publish only with genuinely London-specific public pathways, travel considerations and admission context; no city-name substitution.","","","","","","","","","","",""
"Addiction Treatment and Rehab Guidance in Manchester","/addiction-help-manchester","rehab Manchester","drug rehab Manchester; alcohol rehab Manchester; private rehab Manchester; addiction treatment Manchester","Local commercial","Decision","UK location hub","/treatment-placement; /private-rehab-uk; /online-programme; relevant NHS/community pathways","Future UK locations hub; treatment pages; relevant authority articles","Assessment or treatment placement enquiry","P1","New","High","Publish only with genuinely Manchester-specific public pathways, travel considerations and admission context; no city-name substitution.","Phase 5","UK location page","Manchester","Planned","","No","No","","","","","Publish only with genuinely Manchester-specific public pathways, travel considerations and admission context; no city-name substitution.","","","","","","","","","","",""
"Addiction Treatment and Rehab Guidance in Birmingham","/addiction-help-birmingham","rehab Birmingham","drug rehab Birmingham; alcohol rehab Birmingham; private rehab Birmingham; addiction treatment Birmingham","Local commercial","Decision","UK location hub","/treatment-placement; /private-rehab-uk; /online-programme; relevant NHS/community pathways","Future UK locations hub; treatment pages; relevant authority articles","Assessment or treatment placement enquiry","P1","New","High","Publish only with genuinely Birmingham-specific public pathways, travel considerations and admission context; no city-name substitution.","Phase 5","UK location page","Birmingham","Planned","","No","No","","","","","Publish only with genuinely Birmingham-specific public pathways, travel considerations and admission context; no city-name substitution.","","","","","","","","","","",""
"Addiction Treatment and Rehab Guidance in Liverpool","/addiction-help-liverpool","rehab Liverpool","drug rehab Liverpool; alcohol rehab Liverpool; private rehab Liverpool; addiction treatment Liverpool","Local commercial","Decision","UK location hub","/treatment-placement; /private-rehab-uk; /online-programme; relevant NHS/community pathways","Future UK locations hub; treatment pages; relevant authority articles","Assessment or treatment placement enquiry","P2","New","High","Publish only with genuinely Liverpool-specific public pathways, travel considerations and admission context; no city-name substitution.","Phase 5","UK location page","Liverpool","Planned","","No","No","","","","","Publish only with genuinely Liverpool-specific public pathways, travel considerations and admission context; no city-name substitution.","","","","","","","","","","",""
"Addiction Treatment and Rehab Guidance in Leeds","/addiction-help-leeds","rehab Leeds","drug rehab Leeds; alcohol rehab Leeds; private rehab Leeds; addiction treatment Leeds","Local commercial","Decision","UK location hub","/treatment-placement; /private-rehab-uk; /online-programme; relevant NHS/community pathways","Future UK locations hub; treatment pages; relevant authority articles","Assessment or treatment placement enquiry","P2","New","High","Publish only with genuinely Leeds-specific public pathways, travel considerations and admission context; no city-name substitution.","Phase 5","UK location page","Leeds","Planned","","No","No","","","","","Publish only with genuinely Leeds-specific public pathways, travel considerations and admission context; no city-name substitution.","","","","","","","","","","",""
"Addiction Treatment and Rehab Guidance in Bristol","/addiction-help-bristol","rehab Bristol","drug rehab Bristol; alcohol rehab Bristol; private rehab Bristol; addiction treatment Bristol","Local commercial","Decision","UK location hub","/treatment-placement; /private-rehab-uk; /online-programme; relevant NHS/community pathways","Future UK locations hub; treatment pages; relevant authority articles","Assessment or treatment placement enquiry","P2","New","High","Publish only with genuinely Bristol-specific public pathways, travel considerations and admission context; no city-name substitution.","Phase 5","UK location page","Bristol","Planned","","No","No","","","","","Publish only with genuinely Bristol-specific public pathways, travel considerations and admission context; no city-name substitution.","","","","","","","","","","",""
"Addiction Treatment and Rehab Guidance in Sheffield","/addiction-help-sheffield","rehab Sheffield","drug rehab Sheffield; alcohol rehab Sheffield; private rehab Sheffield; addiction treatment Sheffield","Local commercial","Decision","UK location hub","/treatment-placement; /private-rehab-uk; /online-programme; relevant NHS/community pathways","Future UK locations hub; treatment pages; relevant authority articles","Assessment or treatment placement enquiry","P2","New","High","Publish only with genuinely Sheffield-specific public pathways, travel considerations and admission context; no city-name substitution.","Phase 5","UK location page","Sheffield","Planned","","No","No","","","","","Publish only with genuinely Sheffield-specific public pathways, travel considerations and admission context; no city-name substitution.","","","","","","","","","","",""
"Addiction Treatment and Rehab Guidance in Nottingham","/addiction-help-nottingham","rehab Nottingham","drug rehab Nottingham; alcohol rehab Nottingham; private rehab Nottingham; addiction treatment Nottingham","Local commercial","Decision","UK location hub","/treatment-placement; /private-rehab-uk; /online-programme; relevant NHS/community pathways","Future UK locations hub; treatment pages; relevant authority articles","Assessment or treatment placement enquiry","P2","New","High","Publish only with genuinely Nottingham-specific public pathways, travel considerations and admission context; no city-name substitution.","Phase 5","UK location page","Nottingham","Planned","","No","No","","","","","Publish only with genuinely Nottingham-specific public pathways, travel considerations and admission context; no city-name substitution.","","","","","","","","","","",""
"Addiction Treatment and Rehab Guidance in Newcastle","/addiction-help-newcastle","rehab Newcastle","drug rehab Newcastle; alcohol rehab Newcastle; private rehab Newcastle; addiction treatment Newcastle","Local commercial","Decision","UK location hub","/treatment-placement; /private-rehab-uk; /online-programme; relevant NHS/community pathways","Future UK locations hub; treatment pages; relevant authority articles","Assessment or treatment placement enquiry","P3","New","High","Publish only with genuinely Newcastle-specific public pathways, travel considerations and admission context; no city-name substitution.","Phase 5","UK location page","Newcastle","Planned","","No","No","","","","","Publish only with genuinely Newcastle-specific public pathways, travel considerations and admission context; no city-name substitution.","","","","","","","","","","",""
"UK Rehab vs South Africa Rehab","/resources/uk-vs-south-africa-rehab","UK vs South Africa rehab","South Africa rehab from UK; treatment length; rehab cost; travel","Comparison","Decision","/private-rehab-south-africa","/private-rehab-uk; /destination-rehab; cost hub","UK and South Africa pages; treatment hub","International placement enquiry","P1","New","Medium","Compare like for like: medical capability, programme length, total cost, distance, family and aftercare.","Phase 6","Decision resource","South Africa","Planned","","No","No","","","","","Compare like for like: medical capability, programme length, total cost, distance, family and aftercare.","","","","","","","","","","",""
"UK Rehab vs Thailand Rehab","/resources/uk-vs-thailand-rehab","UK vs Thailand rehab","Thailand rehab from UK; long-haul treatment; rehab cost; detox before travel","Comparison","Decision","/private-rehab-thailand","/private-rehab-uk; /destination-rehab; cost hub","UK and Thailand pages; treatment hub","International placement enquiry","P1","New","Medium","Give medical-fitness-to-travel and long-haul limitations appropriate weight.","Phase 6","Decision resource","Thailand","Planned","","No","No","","","","","Give medical-fitness-to-travel and long-haul limitations appropriate weight.","","","","","","","","","","",""
"Is Rehab Abroad Cheaper Than UK Rehab?","/resources/is-rehab-abroad-cheaper-than-uk","is rehab abroad cheaper than UK rehab","overseas rehab cost; UK rehab cost; flights; aftercare; treatment length","Commercial investigation","Decision","/resources/uk-vs-overseas-rehab-cost","/how-much-does-rehab-cost-uk; /destination-rehab; country pages","Cost and international hubs","International placement enquiry","P1","New","Medium","Use total pathway cost and transparent dated ranges; do not promise savings.","Phase 6","Decision resource","International cost","Planned","","No","No","","","","","Use total pathway cost and transparent dated ranges; do not promise savings.","","","","","","","","","","",""
"How to Arrange Rehab Abroad From the UK","/resources/how-to-arrange-rehab-abroad","how to arrange rehab abroad","overseas rehab admission; clinical handover; travel; medication; aftercare","Transactional information","Decision","/destination-rehab","/treatment-placement; country pages; family content","International hub; country pages; treatment hub","International placement enquiry","P1","New","Low","Practical step-by-step decision support with provider responsibility and travel/medical boundaries.","Phase 6","Decision resource","International placement","Planned","","No","No","","","","","Practical step-by-step decision support with provider responsibility and travel/medical boundaries.","","","","","","","","","","",""
